distance,time,phase
192.9572046572146,2025-06-23 10:11:18.897058350,P
193.73940044273937,2025-06-23 10:11:18.897058350,P
193.69051320614406,2025-06-23 10:11:18.897058350,P
193.59273873295348,2025-06-23 10:11:18.897058350,P
193.49496425976287,2025-06-23 10:11:18.897058350,P
193.39718978657228,2025-06-23 10:11:18.897058350,P
193.15275360359578,2025-06-23 10:11:18.897058350,P
193.10386636700048,2025-06-23 10:11:18.897058350,P
193.88606215252526,2025-06-23 10:11:18.897058350,P
193.05497913040517,2025-06-23 10:11:18.897058350,P
192.85943018402398,2025-06-23 10:11:18.897058350,P
192.8105429474287,2025-06-23 10:11:18.897058350,P
192.7616557108334,2025-06-23 10:11:18.897058350,P
192.7127684742381,2025-06-23 10:11:18.897058350,P
192.61499400104748,2025-06-23 10:11:18.897058350,P
192.5661067644522,2025-06-23 10:11:18.897058350,P
192.5172195278569,2025-06-23 10:11:18.897058350,P
193.0060918938099,2025-06-23 10:11:18.897058350,P
193.98383662571587,2025-06-23 10:11:18.897058350,P
193.25052807678637,2025-06-23 10:11:18.897058350,P
194.17938557209706,2025-06-23 10:11:18.897801758,P
192.370557818071,2025-06-23 10:11:18.897801758,P
192.4683322912616,2025-06-23 10:11:18.897801758,P
192.1261216350945,2025-06-23 10:11:18.898545166,P
192.0283471619039,2025-06-23 10:11:18.898545166,P
191.97945992530862,2025-06-23 10:11:18.898545166,P
191.881685452118,2025-06-23 10:11:18.898545166,P
194.27716004528764,2025-06-23 10:11:18.898545166,P
192.2238961082851,2025-06-23 10:11:18.898545166,P
194.42382175507353,2025-06-23 10:11:18.898545166,P
194.47270899166884,2025-06-23 10:11:18.898545166,P
194.52159622826414,2025-06-23 10:11:18.898545166,P
194.32604728188295,2025-06-23 10:11:18.898545166,P
192.2727833448804,2025-06-23 10:11:18.898545166,P
194.57048346485945,2025-06-23 10:11:18.898545166,P
195.40156648697953,2025-06-23 10:11:18.899288574,P
195.35267925038423,2025-06-23 10:11:18.899288574,P
195.25490477719362,2025-06-23 10:11:18.899288574,P
195.20601754059834,2025-06-23 10:11:18.899288574,P
191.8327982155227,2025-06-23 10:11:18.899288574,P
191.73502374233212,2025-06-23 10:11:18.899288574,P
191.6372492691415,2025-06-23 10:11:18.899288574,P
191.58836203254623,2025-06-23 10:11:18.899288574,P
194.66825793805003,2025-06-23 10:11:18.899288574,P
191.39281308616503,2025-06-23 10:11:18.899288574,P
191.34392584956973,2025-06-23 10:11:18.899288574,P
191.29503861297442,2025-06-23 10:11:18.899288574,P
195.10824306740773,2025-06-23 10:11:18.899288574,P
195.01046859421714,2025-06-23 10:11:18.899288574,P
194.91269412102653,2025-06-23 10:11:18.899288574,P
194.81491964783595,2025-06-23 10:11:18.899288574,P
194.71714517464534,2025-06-23 10:11:18.899288574,P
191.49058755935562,2025-06-23 10:11:18.899288574,P
191.53947479595092,2025-06-23 10:11:18.899288574,P
195.49934096017012,2025-06-23 10:11:18.900031981,P
191.24615137637912,2025-06-23 10:11:18.900031981,P
191.09948966659323,2025-06-23 10:11:18.900031981,P
191.14837690318853,2025-06-23 10:11:18.900031981,P
195.59711543336073,2025-06-23 10:11:18.900031981,P
190.95282795680734,2025-06-23 10:11:18.900031981,P
190.90394072021203,2025-06-23 10:11:18.900031981,P
195.4504537235748,2025-06-23 10:11:18.900031981,P
191.19726413978384,2025-06-23 10:11:18.900031981,P
195.646002669956,2025-06-23 10:11:18.900031981,P
195.6948899065513,2025-06-23 10:11:18.900031981,P
191.05060242999792,2025-06-23 10:11:18.900031981,P
195.74377714314662,2025-06-23 10:11:18.900031981,P
190.85505348361673,2025-06-23 10:11:18.900775146,P
190.80616624702145,2025-06-23 10:11:18.900775146,P
190.61061730064026,2025-06-23 10:11:18.900775146,P
195.8904388529325,2025-06-23 10:11:18.900775146,P
195.9393260895278,2025-06-23 10:11:18.900775146,P
196.3793112188855,2025-06-23 10:11:18.901518555,P
196.134875035909,2025-06-23 10:11:18.901518555,P
196.2326495090996,2025-06-23 10:11:18.901518555,P
196.2815367456949,2025-06-23 10:11:18.901518555,P
190.51284282744965,2025-06-23 10:11:18.901518555,P
196.0859877993137,2025-06-23 10:11:18.901518555,P
190.36618111766376,2025-06-23 10:11:18.902261963,P
196.8192963482432,2025-06-23 10:11:18.902261963,P
196.7215218750526,2025-06-23 10:11:18.902261963,P
196.67263463845728,2025-06-23 10:11:18.902261963,P
196.5748601652667,2025-06-23 10:11:18.902261963,P
196.5259729286714,2025-06-23 10:11:18.902261963,P
196.42819845548078,2025-06-23 10:11:18.902261963,P
189.04622572959067,2025-06-23 10:11:18.903005371,P
189.14400020278129,2025-06-23 10:11:18.903005371,P
189.68175980532956,2025-06-23 10:11:18.903005371,P
189.1928874393766,2025-06-23 10:11:18.903005371,P
189.38843638575779,2025-06-23 10:11:18.903005371,P
189.53509809554367,2025-06-23 10:11:18.903005371,P
188.89956401980479,2025-06-23 10:11:18.903005371,P
197.11261976781498,2025-06-23 10:11:18.903005371,P
189.77953427852017,2025-06-23 10:11:18.903005371,P
190.07285769809195,2025-06-23 10:11:18.903005371,P
190.12174493468726,2025-06-23 10:11:18.903005371,P
190.21951940787784,2025-06-23 10:11:18.903005371,P
190.31729388106845,2025-06-23 10:11:18.903005371,P
197.16150700441028,2025-06-23 10:11:18.903005371,P
196.86818358483848,2025-06-23 10:11:18.903005371,P
196.91707082143378,2025-06-23 10:11:18.903005371,P
189.87730875171076,2025-06-23 10:11:18.903005371,P
196.9659580580291,2025-06-23 10:11:18.903005371,P
197.06373253121967,2025-06-23 10:11:18.903005371,P
188.8017895466142,2025-06-23 10:11:18.903748779,P
188.7040150734236,2025-06-23 10:11:18.903748779,P
197.40594318738678,2025-06-23 10:11:18.903748779,P
197.30816871419617,2025-06-23 10:11:18.903748779,P
197.25928147760087,2025-06-23 10:11:18.903748779,P
188.5573533636377,2025-06-23 10:11:18.904492188,P
188.5084661270424,2025-06-23 10:11:18.904492188,P
188.41069165385179,2025-06-23 10:11:18.904492188,P
197.55260489717267,2025-06-23 10:11:18.904492188,P
188.3618044172565,2025-06-23 10:11:18.904492188,P
197.74815384355387,2025-06-23 10:11:18.905235352,P
197.65037937036325,2025-06-23 10:11:18.905235352,P
188.3129171806612,2025-06-23 10:11:18.905235352,P
197.89481555333975,2025-06-23 10:11:18.905978760,P
188.2151427074706,2025-06-23 10:11:18.905978760,P
188.11736823428,2025-06-23 10:11:18.905978760,P
197.94370278993506,2025-06-23 10:11:18.905978760,P
197.79704108014917,2025-06-23 10:11:18.905978760,P
198.04147726312564,2025-06-23 10:11:18.905978760,P
188.0684809976847,2025-06-23 10:11:18.905978760,P
187.97070652449412,2025-06-23 10:11:18.906722168,P
187.6773831049223,2025-06-23 10:11:18.906722168,P
187.8240448147082,2025-06-23 10:11:18.906722168,P
198.28591344610214,2025-06-23 10:11:18.906722168,P
198.23702620950684,2025-06-23 10:11:18.906722168,P
198.09036449972095,2025-06-23 10:11:18.906722168,P
187.9218192878988,2025-06-23 10:11:18.906722168,P
198.18813897291156,2025-06-23 10:11:18.906722168,P
198.53034962907864,2025-06-23 10:11:18.907465576,P
187.628495868327,2025-06-23 10:11:18.907465576,P
198.48146239248334,2025-06-23 10:11:18.907465576,P
187.53072139513642,2025-06-23 10:11:18.907465576,P
187.48183415854112,2025-06-23 10:11:18.907465576,P
187.4329469219458,2025-06-23 10:11:18.907465576,P
187.28628521215992,2025-06-23 10:11:18.907465576,P
187.38405968535054,2025-06-23 10:11:18.907465576,P
198.33480068269745,2025-06-23 10:11:18.907465576,P
198.38368791929275,2025-06-23 10:11:18.907465576,P
198.43257515588803,2025-06-23 10:11:18.907465576,P
187.23739797556462,2025-06-23 10:11:18.908208984,P
187.09073626577873,2025-06-23 10:11:18.908208984,P
186.99296179258815,2025-06-23 10:11:18.908208984,P
198.53034962907864,2025-06-23 10:11:18.908208984,P
187.18851073896934,2025-06-23 10:11:18.908208984,P
198.82367304865042,2025-06-23 10:11:18.908952148,P
198.57923686567395,2025-06-23 10:11:18.908952148,P
198.72589857545984,2025-06-23 10:11:18.908952148,P
186.65075113642104,2025-06-23 10:11:18.908952148,P
198.92144752184103,2025-06-23 10:11:18.908952148,P
198.77478581205514,2025-06-23 10:11:18.908952148,P
186.89518731939754,2025-06-23 10:11:18.908952148,P
186.84630008280223,2025-06-23 10:11:18.908952148,P
186.79741284620695,2025-06-23 10:11:18.908952148,P
186.74852560961165,2025-06-23 10:11:18.908952148,P
199.01922199503164,2025-06-23 10:11:18.909695557,P
199.06810923162692,2025-06-23 10:11:18.909695557,P
199.16588370481753,2025-06-23 10:11:18.909695557,P
186.35742771684926,2025-06-23 10:11:18.909695557,P
198.97033475843634,2025-06-23 10:11:18.909695557,P
199.21477094141284,2025-06-23 10:11:18.909695557,P
186.50408942663515,2025-06-23 10:11:18.909695557,P
186.16187877046806,2025-06-23 10:11:18.910438965,P
186.11299153387276,2025-06-23 10:11:18.910438965,P
199.4592071243893,2025-06-23 10:11:18.910438965,P
199.41031988779403,2025-06-23 10:11:18.910438965,P
199.31254541460342,2025-06-23 10:11:18.910438965,P
65.85038950943778,2025-06-23 10:11:18.911182373,P
65.75261503624718,2025-06-23 10:11:18.911182373,P
65.70372779965189,2025-06-23 10:11:18.911182373,P
65.60595332646129,2025-06-23 10:11:18.911182373,P
65.89927674603308,2025-06-23 10:11:18.911182373,P
65.55706608986598,2025-06-23 10:11:18.911182373,P
65.4104043800801,2025-06-23 10:11:18.911182373,P
65.36151714348479,2025-06-23 10:11:18.911182373,P
65.26374267029419,2025-06-23 10:11:18.911182373,P
65.1170809605083,2025-06-23 10:11:18.911182373,P
65.068193723913,2025-06-23 10:11:18.911182373,P
65.0193064873177,2025-06-23 10:11:18.911182373,P
199.7036433073658,2025-06-23 10:11:18.911182373,P
64.8726447775318,2025-06-23 10:11:18.911182373,P
65.50817885327069,2025-06-23 10:11:18.911182373,P
199.75253054396111,2025-06-23 10:11:18.911182373,P
185.86855535089626,2025-06-23 10:11:18.911182373,P
185.96632982408687,2025-06-23 10:11:18.911182373,P
66.43703634858137,2025-06-23 10:11:18.911182373,P
66.38814911198607,2025-06-23 10:11:18.911182373,P
66.33926187539078,2025-06-23 10:11:18.911182373,P
66.29037463879547,2025-06-23 10:11:18.911182373,P
199.80141778055642,2025-06-23 10:11:18.911182373,P
66.14371292900957,2025-06-23 10:11:18.911182373,P
66.24148740220018,2025-06-23 10:11:18.911182373,P
66.04593845581897,2025-06-23 10:11:18.911182373,P
199.6547560707705,2025-06-23 10:11:18.911182373,P
199.55698159757992,2025-06-23 10:11:18.911182373,P
199.60586883417523,2025-06-23 10:11:18.911182373,P
64.6282085945553,2025-06-23 10:11:18.911182373,P
66.09482569241428,2025-06-23 10:11:18.911182373,P
64.7748703043412,2025-06-23 10:11:18.911182373,P
185.67300640451506,2025-06-23 10:11:18.911925781,P
185.77078087770568,2025-06-23 10:11:18.911925781,P
199.99696672693761,2025-06-23 10:11:18.911925781,P
199.899192253747,2025-06-23 10:11:18.911925781,P
66.48592358517666,2025-06-23 10:11:18.911925781,P
66.53481082177197,2025-06-23 10:11:18.911925781,P
66.58369805836726,2025-06-23 10:11:18.911925781,P
66.68147253155786,2025-06-23 10:11:18.911925781,P
66.73035976815316,2025-06-23 10:11:18.911925781,P
66.77924700474846,2025-06-23 10:11:18.911925781,P
66.82813424134376,2025-06-23 10:11:18.911925781,P
66.87702147793905,2025-06-23 10:11:18.911925781,P
66.97479595112965,2025-06-23 10:11:18.911925781,P
67.07257042432025,2025-06-23 10:11:18.911925781,P
67.17034489751084,2025-06-23 10:11:18.911925781,P
67.26811937070144,2025-06-23 10:11:18.911925781,P
64.28599793838822,2025-06-23 10:11:18.911925781,P
67.31700660729675,2025-06-23 10:11:18.911925781,P
64.5304341213647,2025-06-23 10:11:18.911925781,P
67.65921726346384,2025-06-23 10:11:18.911925781,P
67.75699173665444,2025-06-23 10:11:18.911925781,P
67.85476620984504,2025-06-23 10:11:18.911925781,P
64.43265964817411,2025-06-23 10:11:18.911925781,P
200.0458539635329,2025-06-23 10:11:18.911925781,P
67.46366831708264,2025-06-23 10:11:18.911925781,P
67.56144279027325,2025-06-23 10:11:18.911925781,P
200.43695185629528,2025-06-23 10:11:18.912669189,P
200.3880646197,2025-06-23 10:11:18.912669189,P
200.3391773831047,2025-06-23 10:11:18.912669189,P
200.2414029099141,2025-06-23 10:11:18.912669189,P
200.1436284367235,2025-06-23 10:11:18.912669189,P
200.0947412001282,2025-06-23 10:11:18.912669189,P
185.52634469472918,2025-06-23 10:11:18.912669189,P
68.14808962941683,2025-06-23 10:11:18.912669189,P
63.94378728222112,2025-06-23 10:11:18.912669189,P
68.09920239282152,2025-06-23 10:11:18.912669189,P
68.05031515622623,2025-06-23 10:11:18.912669189,P
68.00142791963093,2025-06-23 10:11:18.912669189,P
67.95254068303564,2025-06-23 10:11:18.912669189,P
67.90365344644033,2025-06-23 10:11:18.912669189,P
64.18822346519762,2025-06-23 10:11:18.912669189,P
64.09044899200703,2025-06-23 10:11:18.912669189,P
64.04156175541172,2025-06-23 10:11:18.912669189,P
200.4858390928906,2025-06-23 10:11:18.913412354,P
200.5347263294859,2025-06-23 10:11:18.913412354,P
68.19697686601212,2025-06-23 10:11:18.913412354,P
185.42857022153856,2025-06-23 10:11:18.913412354,P
63.79712557243523,2025-06-23 10:11:18.913412354,P
63.74823833583993,2025-06-23 10:11:18.913412354,P
63.65046386264933,2025-06-23 10:11:18.913412354,P
63.552689389458735,2025-06-23 10:11:18.913412354,P
200.5836135660812,2025-06-23 10:11:18.913412354,P
200.63250080267647,2025-06-23 10:11:18.913412354,P
200.68138803927178,2025-06-23 10:11:18.913412354,P
63.894900045625825,2025-06-23 10:11:18.913412354,P
68.24586410260743,2025-06-23 10:11:18.913412354,P
200.7791625124624,2025-06-23 10:11:18.914155762,P
200.82804974905767,2025-06-23 10:11:18.914155762,P
200.92582422224828,2025-06-23 10:11:18.914155762,P
68.34363857579802,2025-06-23 10:11:18.914155762,P
68.39252581239332,2025-06-23 10:11:18.914155762,P
185.33079574834798,2025-06-23 10:11:18.914155762,P
68.29475133920272,2025-06-23 10:11:18.914155762,P
184.9885850921809,2025-06-23 10:11:18.914899170,P
201.17026040522478,2025-06-23 10:11:18.914899170,P
201.12137316862948,2025-06-23 10:11:18.914899170,P
63.25936596988694,2025-06-23 10:11:18.914899170,P
201.0235986954389,2025-06-23 10:11:18.914899170,P
63.45491491626814,2025-06-23 10:11:18.914899170,P
185.08635956537148,2025-06-23 10:11:18.914899170,P
201.07248593203417,2025-06-23 10:11:18.914899170,P
185.1841340385621,2025-06-23 10:11:18.914899170,P
68.53918752217922,2025-06-23 10:11:18.914899170,P
68.44141304898862,2025-06-23 10:11:18.914899170,P
185.1352468019668,2025-06-23 10:11:18.914899170,P
184.6463744360138,2025-06-23 10:11:18.915642578,P
184.5974871994185,2025-06-23 10:11:18.915642578,P
184.4997127262279,2025-06-23 10:11:18.915642578,P
184.40193825303732,2025-06-23 10:11:18.915642578,P
184.3041637798467,2025-06-23 10:11:18.915642578,P
62.81938084052925,2025-06-23 10:11:18.915642578,P
184.8908106189903,2025-06-23 10:11:18.915642578,P
184.6952616726091,2025-06-23 10:11:18.915642578,P
184.7441489092044,2025-06-23 10:11:18.915642578,P
68.63696199536982,2025-06-23 10:11:18.915642578,P
184.9396978555856,2025-06-23 10:11:18.915642578,P
68.83251094175101,2025-06-23 10:11:18.915642578,P
68.73473646856041,2025-06-23 10:11:18.915642578,P
68.68584923196511,2025-06-23 10:11:18.915642578,P
201.31692211501067,2025-06-23 10:11:18.915642578,P
63.11270426010105,2025-06-23 10:11:18.915642578,P
68.88139817834632,2025-06-23 10:11:18.916385986,P
69.5658194906805,2025-06-23 10:11:18.916385986,P
69.4680450174899,2025-06-23 10:11:18.916385986,P
69.3702705442993,2025-06-23 10:11:18.916385986,P
69.2724960711087,2025-06-23 10:11:18.916385986,P
69.2236088345134,2025-06-23 10:11:18.916385986,P
69.1258343613228,2025-06-23 10:11:18.916385986,P
69.07694712472751,2025-06-23 10:11:18.916385986,P
69.0280598881322,2025-06-23 10:11:18.916385986,P
68.93028541494161,2025-06-23 10:11:18.916385986,P
201.65913277117775,2025-06-23 10:11:18.916385986,P
201.70802000777306,2025-06-23 10:11:18.916385986,P
201.41469658820128,2025-06-23 10:11:18.916385986,P
184.15750207006081,2025-06-23 10:11:18.916385986,P
184.0597275968702,2025-06-23 10:11:18.916385986,P
201.56135829798717,2025-06-23 10:11:18.916385986,P
62.623831894148054,2025-06-23 10:11:18.916385986,P
62.52605742095746,2025-06-23 10:11:18.916385986,P
61.84163610862328,2025-06-23 10:11:18.917129149,P
62.232734001385666,2025-06-23 10:11:18.917129149,P
62.03718505500447,2025-06-23 10:11:18.917129149,P
62.08607229159977,2025-06-23 10:11:18.917129149,P
61.694974398837374,2025-06-23 10:11:18.917129149,P
61.939410581813874,2025-06-23 10:11:18.917129149,P
62.33050847457626,2025-06-23 10:11:18.917129149,P
201.85468171755895,2025-06-23 10:11:18.917129149,P
183.91306588708431,2025-06-23 10:11:18.917129149,P
69.81025567365698,2025-06-23 10:11:18.917129149,P
69.76136843706169,2025-06-23 10:11:18.917129149,P
69.6635939638711,2025-06-23 10:11:18.917129149,P
69.61470672727579,2025-06-23 10:11:18.917129149,P
184.0108403602749,2025-06-23 10:11:18.917129149,P
201.90356895415425,2025-06-23 10:11:18.917129149,P
201.80579448096367,2025-06-23 10:11:18.917129149,P
202.05023066394014,2025-06-23 10:11:18.917129149,P
183.66862970410781,2025-06-23 10:11:18.917129149,P
183.76640417729843,2025-06-23 10:11:18.917129149,P
183.8152914138937,2025-06-23 10:11:18.917129149,P
183.864178650489,2025-06-23 10:11:18.917129149,P
202.00134342734486,2025-06-23 10:11:18.917129149,P
183.66862970410781,2025-06-23 10:11:18.917872559,P
183.52196799432193,2025-06-23 10:11:18.917872559,P
183.47308075772662,2025-06-23 10:11:18.917872559,P
183.37530628453604,2025-06-23 10:11:18.917872559,P
70.10357909322877,2025-06-23 10:11:18.917872559,P
202.68576473967903,2025-06-23 10:11:18.917872559,P
202.49021579329784,2025-06-23 10:11:18.917872559,P
69.95691738344289,2025-06-23 10:11:18.917872559,P
69.90803014684758,2025-06-23 10:11:18.917872559,P
202.09911790053545,2025-06-23 10:11:18.917872559,P
202.19689237372606,2025-06-23 10:11:18.917872559,P
202.34355408351195,2025-06-23 10:11:18.917872559,P
202.39244132010725,2025-06-23 10:11:18.917872559,P
61.59719992564678,2025-06-23 10:11:18.917872559,P
61.49942545245618,2025-06-23 10:11:18.917872559,P
61.25498926947969,2025-06-23 10:11:18.917872559,P
202.73465197627434,2025-06-23 10:11:18.917872559,P
202.78353921286964,2025-06-23 10:11:18.917872559,P
202.58799026648845,2025-06-23 10:11:18.917872559,P
202.83242644946492,2025-06-23 10:11:18.918615967,P
202.88131368606022,2025-06-23 10:11:18.918615967,P
183.27753181134543,2025-06-23 10:11:18.918615967,P
202.93020092265553,2025-06-23 10:11:18.918615967,P
202.97908815925084,2025-06-23 10:11:18.918615967,P
203.0279753958461,2025-06-23 10:11:18.918615967,P
183.17975733815484,2025-06-23 10:11:18.918615967,P
70.49467698599118,2025-06-23 10:11:18.918615967,P
70.83688764215826,2025-06-23 10:11:18.918615967,P
70.25024080301468,2025-06-23 10:11:18.918615967,P
61.05944032309849,2025-06-23 10:11:18.918615967,P
70.64133869577707,2025-06-23 10:11:18.918615967,P
70.88577487875357,2025-06-23 10:11:18.919359375,P
61.010553086503194,2025-06-23 10:11:18.919359375,P
60.9127786133126,2025-06-23 10:11:18.919359375,P
60.815004140122,2025-06-23 10:11:18.919359375,P
203.07686263244142,2025-06-23 10:11:18.919359375,P
203.0279753958461,2025-06-23 10:11:18.919359375,P
182.98420839177365,2025-06-23 10:11:18.919359375,P
182.78865944539245,2025-06-23 10:11:18.919359375,P
182.64199773560654,2025-06-23 10:11:18.919359375,P
203.2724115788226,2025-06-23 10:11:18.920102783,P
203.12574986903672,2025-06-23 10:11:18.920102783,P
203.17463710563203,2025-06-23 10:11:18.920102783,P
203.22352434222734,2025-06-23 10:11:18.920102783,P
70.93466211534886,2025-06-23 10:11:18.920102783,P
60.619455193740805,2025-06-23 10:11:18.920102783,P
60.7172296669314,2025-06-23 10:11:18.920102783,P
60.7661169035267,2025-06-23 10:11:18.920102783,P
71.17909829832536,2025-06-23 10:11:18.920102783,P
60.57056795714551,2025-06-23 10:11:18.920102783,P
182.54422326241595,2025-06-23 10:11:18.920102783,P
182.34867431603476,2025-06-23 10:11:18.920846191,P
60.47279348395491,2025-06-23 10:11:18.920846191,P
60.08169559119251,2025-06-23 10:11:18.920846191,P
203.41907328860853,2025-06-23 10:11:18.920846191,P
203.32129881541792,2025-06-23 10:11:18.920846191,P
60.22835730097841,2025-06-23 10:11:18.920846191,P
60.42390624735961,2025-06-23 10:11:18.920846191,P
182.20201260624887,2025-06-23 10:11:18.920846191,P
203.37018605201322,2025-06-23 10:11:18.920846191,P
59.983921118001916,2025-06-23 10:11:18.921589355,P
59.73948493502542,2025-06-23 10:11:18.921589355,P
59.690597698430125,2025-06-23 10:11:18.921589355,P
59.83725940821602,2025-06-23 10:11:18.921589355,P
203.4679605252038,2025-06-23 10:11:18.921589355,P
203.5168477617991,2025-06-23 10:11:18.921589355,P
203.56573499839442,2025-06-23 10:11:18.921589355,P
182.00646365986765,2025-06-23 10:11:18.921589355,P
182.10423813305826,2025-06-23 10:11:18.921589355,P
182.15312536965357,2025-06-23 10:11:18.921589355,P
71.42353448130186,2025-06-23 10:11:18.921589355,P
59.641710461834826,2025-06-23 10:11:18.922332764,P
59.44616151545363,2025-06-23 10:11:18.922332764,P
181.76202747689118,2025-06-23 10:11:18.922332764,P
181.85980195008176,2025-06-23 10:11:18.922332764,P
181.95757642327237,2025-06-23 10:11:18.922332764,P
59.49504875204893,2025-06-23 10:11:18.922332764,P
59.54393598864423,2025-06-23 10:11:18.922332764,P
203.61462223498972,2025-06-23 10:11:18.922332764,P
71.66797066427834,2025-06-23 10:11:18.922332764,P
203.663509471585,2025-06-23 10:11:18.922332764,P
181.46870405731937,2025-06-23 10:11:18.923076172,P
181.51759129391468,2025-06-23 10:11:18.923076172,P
181.61536576710526,2025-06-23 10:11:18.923076172,P
181.71314024029587,2025-06-23 10:11:18.923076172,P
204.2012690741333,2025-06-23 10:11:18.923076172,P
204.152381837538,2025-06-23 10:11:18.923076172,P
204.0546073643474,2025-06-23 10:11:18.923076172,P
203.9079456545615,2025-06-23 10:11:18.923076172,P
203.81017118137092,2025-06-23 10:11:18.923076172,P
203.7123967081803,2025-06-23 10:11:18.923076172,P
71.81463237406425,2025-06-23 10:11:18.923076172,P
181.41981682072407,2025-06-23 10:11:18.923076172,P
59.348387042263035,2025-06-23 10:11:18.923076172,P
59.299499805667736,2025-06-23 10:11:18.923076172,P
59.25061256907244,2025-06-23 10:11:18.923076172,P
181.27315511093818,2025-06-23 10:11:18.923819580,P
58.95728914950064,2025-06-23 10:11:18.923819580,P
59.055063622691236,2025-06-23 10:11:18.923819580,P
59.10395085928654,2025-06-23 10:11:18.923819580,P
59.15283809588184,2025-06-23 10:11:18.923819580,P
59.20172533247714,2025-06-23 10:11:18.923819580,P
204.25015631072858,2025-06-23 10:11:18.923819580,P
204.49459249370508,2025-06-23 10:11:18.923819580,P
204.44570525710978,2025-06-23 10:11:18.923819580,P
204.3479307839192,2025-06-23 10:11:18.923819580,P
71.96129408385013,2025-06-23 10:11:18.924562988,P
72.10795579363604,2025-06-23 10:11:18.924562988,P
58.66396572992885,2025-06-23 10:11:18.924562988,P
58.85951467631004,2025-06-23 10:11:18.924562988,P
204.69014144008628,2025-06-23 10:11:18.924562988,P
204.83680314987217,2025-06-23 10:11:18.924562988,P
58.761740203119444,2025-06-23 10:11:18.924562988,P
204.64125420349097,2025-06-23 10:11:18.924562988,P
204.88569038646747,2025-06-23 10:11:18.925306396,P
205.03235209625336,2025-06-23 10:11:18.925306396,P
57.783995471213466,2025-06-23 10:11:18.925306396,P
181.07760616455698,2025-06-23 10:11:18.925306396,P
180.9798316913664,2025-06-23 10:11:18.925306396,P
58.22398060057116,2025-06-23 10:11:18.925306396,P
58.17509336397586,2025-06-23 10:11:18.925306396,P
58.028431654189966,2025-06-23 10:11:18.925306396,P
57.88176994440407,2025-06-23 10:11:18.925306396,P
57.83288270780877,2025-06-23 10:11:18.925306396,P
72.20573026682663,2025-06-23 10:11:18.925306396,P
58.51730402014295,2025-06-23 10:11:18.925306396,P
58.56619125673825,2025-06-23 10:11:18.925306396,P
58.419529546952354,2025-06-23 10:11:18.925306396,P
181.1264934011523,2025-06-23 10:11:18.925306396,P
58.32175507376176,2025-06-23 10:11:18.925306396,P
57.68622099802287,2025-06-23 10:11:18.926049561,P
57.63733376142757,2025-06-23 10:11:18.926049561,P
205.13012656944397,2025-06-23 10:11:18.926049561,P
180.8820572181758,2025-06-23 10:11:18.926049561,P
72.20573026682663,2025-06-23 10:11:18.926049561,P
180.7842827449852,2025-06-23 10:11:18.926049561,P
180.7353955083899,2025-06-23 10:11:18.926049561,P
180.9309444547711,2025-06-23 10:11:18.926049561,P
72.30350474001723,2025-06-23 10:11:18.926049561,P
72.45016644980312,2025-06-23 10:11:18.926792969,P
205.17901380603928,2025-06-23 10:11:18.926792969,P
72.40127921320783,2025-06-23 10:11:18.926792969,P
180.4909593254134,2025-06-23 10:11:18.926792969,P
180.5398465620087,2025-06-23 10:11:18.926792969,P
180.588733798604,2025-06-23 10:11:18.926792969,P
180.6865082717946,2025-06-23 10:11:18.926792969,P
57.39289757845108,2025-06-23 10:11:18.926792969,P
205.32567551582517,2025-06-23 10:11:18.926792969,P
205.37456275242047,2025-06-23 10:11:18.927536377,P
205.61899893539697,2025-06-23 10:11:18.927536377,P
72.59682815958902,2025-06-23 10:11:18.927536377,P
72.54794092299372,2025-06-23 10:11:18.927536377,P
72.49905368639843,2025-06-23 10:11:18.927536377,P
205.47233722561106,2025-06-23 10:11:18.927536377,P
205.52122446220636,2025-06-23 10:11:18.927536377,P
57.24623586866518,2025-06-23 10:11:18.927536377,P
57.00179968568869,2025-06-23 10:11:18.927536377,P
180.2465231424369,2025-06-23 10:11:18.927536377,P
180.2954103790322,2025-06-23 10:11:18.927536377,P
180.4420720888181,2025-06-23 10:11:18.927536377,P
205.66788617199225,2025-06-23 10:11:18.928279785,P
56.90402521249809,2025-06-23 10:11:18.928279785,P
73.7212346012809,2025-06-23 10:11:18.928279785,P
73.67234736468559,2025-06-23 10:11:18.928279785,P
73.6234601280903,2025-06-23 10:11:18.928279785,P
73.5256856548997,2025-06-23 10:11:18.928279785,P
73.4767984183044,2025-06-23 10:11:18.928279785,P
73.3790239451138,2025-06-23 10:11:18.928279785,P
73.2812494719232,2025-06-23 10:11:18.928279785,P
73.03681328894672,2025-06-23 10:11:18.928279785,P
205.71677340858756,2025-06-23 10:11:18.928279785,P
72.93903881575612,2025-06-23 10:11:18.928279785,P
72.89015157916081,2025-06-23 10:11:18.928279785,P
72.74348986937493,2025-06-23 10:11:18.928279785,P
72.69460263277962,2025-06-23 10:11:18.928279785,P
180.19763590584162,2025-06-23 10:11:18.928279785,P
180.099861432651,2025-06-23 10:11:18.928279785,P
73.1834749987326,2025-06-23 10:11:18.928279785,P
72.64571539618431,2025-06-23 10:11:18.928279785,P
206.01009682815936,2025-06-23 10:11:18.929023193,P
205.91232235496875,2025-06-23 10:11:18.929023193,P
206.10787130134995,2025-06-23 10:11:18.929023193,P
205.81454788177817,2025-06-23 10:11:18.929023193,P
73.86789631106679,2025-06-23 10:11:18.929023193,P
179.95319972286512,2025-06-23 10:11:18.929023193,P
180.0020869594604,2025-06-23 10:11:18.929023193,P
180.0509741960557,2025-06-23 10:11:18.929023193,P
56.5129273197357,2025-06-23 10:11:18.929023193,P
56.6107017929263,2025-06-23 10:11:18.929023193,P
56.757363502712195,2025-06-23 10:11:18.929023193,P
73.8190090744715,2025-06-23 10:11:18.929023193,P
206.20564577454056,2025-06-23 10:11:18.929766357,P
206.35230748432645,2025-06-23 10:11:18.929766357,P
206.54785643070764,2025-06-23 10:11:18.929766357,P
179.70876353988862,2025-06-23 10:11:18.929766357,P
73.91678354766209,2025-06-23 10:11:18.929766357,P
179.610989066698,2025-06-23 10:11:18.929766357,P
179.56210183010273,2025-06-23 10:11:18.929766357,P
74.11233249404329,2025-06-23 10:11:18.929766357,P
74.063445257448,2025-06-23 10:11:18.929766357,P
73.96567078425738,2025-06-23 10:11:18.929766357,P
179.75765077648393,2025-06-23 10:11:18.929766357,P
56.3662656099498,2025-06-23 10:11:18.929766357,P
56.219603900163904,2025-06-23 10:11:18.929766357,P
179.8554252496745,2025-06-23 10:11:18.929766357,P
74.21010696723388,2025-06-23 10:11:18.930509766,P
74.30788144042448,2025-06-23 10:11:18.930509766,P
56.219603900163904,2025-06-23 10:11:18.930509766,P
56.02405495378271,2025-06-23 10:11:18.930509766,P
55.92628048059211,2025-06-23 10:11:18.930509766,P
206.74340537708883,2025-06-23 10:11:18.930509766,P
206.84117985027942,2025-06-23 10:11:18.930509766,P
206.89006708687472,2025-06-23 10:11:18.930509766,P
206.69451814049353,2025-06-23 10:11:18.930509766,P
206.98784156006533,2025-06-23 10:11:18.930509766,P
179.56210183010273,2025-06-23 10:11:18.930509766,P
179.46432735691212,2025-06-23 10:11:18.930509766,P
206.93895432347003,2025-06-23 10:11:18.930509766,P
179.31766564712623,2025-06-23 10:11:18.930509766,P
179.41544012031682,2025-06-23 10:11:18.930509766,P
179.26877841053093,2025-06-23 10:11:18.930509766,P
207.08561603325592,2025-06-23 10:11:18.930509766,P
74.16121973063859,2025-06-23 10:11:18.930509766,P
179.12211670074504,2025-06-23 10:11:18.931253174,P
179.21989117393562,2025-06-23 10:11:18.931253174,P
207.57448839920892,2025-06-23 10:11:18.931253174,P
179.02434222755443,2025-06-23 10:11:18.931253174,P
178.92656775436384,2025-06-23 10:11:18.931253174,P
74.40565591361508,2025-06-23 10:11:18.931253174,P
74.35676867701979,2025-06-23 10:11:18.931253174,P
179.17100393734034,2025-06-23 10:11:18.931253174,P
207.5256011626136,2025-06-23 10:11:18.931253174,P
207.37893945282772,2025-06-23 10:11:18.931253174,P
207.42782668942303,2025-06-23 10:11:18.931253174,P
207.33005221623242,2025-06-23 10:11:18.931253174,P
207.2322777430418,2025-06-23 10:11:18.931253174,P
207.18339050644653,2025-06-23 10:11:18.931253174,P
55.68184429761562,2025-06-23 10:11:18.931253174,P
55.779618770806216,2025-06-23 10:11:18.931253174,P
207.62337563580422,2025-06-23 10:11:18.931253174,P
55.486295351234425,2025-06-23 10:11:18.931996582,P
178.77990604457796,2025-06-23 10:11:18.931996582,P
207.6722628723995,2025-06-23 10:11:18.931996582,P
74.45454315021038,2025-06-23 10:11:18.931996582,P
207.7700373455901,2025-06-23 10:11:18.931996582,P
207.8678118187807,2025-06-23 10:11:18.931996582,P
178.63324433479204,2025-06-23 10:11:18.931996582,P
178.63324433479204,2025-06-23 10:11:18.932739990,P
55.192971931662626,2025-06-23 10:11:18.932739990,P
178.58435709819676,2025-06-23 10:11:18.932739990,P
178.53546986160146,2025-06-23 10:11:18.932739990,P
178.43769538841084,2025-06-23 10:11:18.932739990,P
178.29103367862496,2025-06-23 10:11:18.932739990,P
74.60120485999627,2025-06-23 10:11:18.932739990,P
55.33963364144853,2025-06-23 10:11:18.932739990,P
55.09519745847203,2025-06-23 10:11:18.932739990,P
55.04631022187673,2025-06-23 10:11:18.932739990,P
55.24185916825793,2025-06-23 10:11:18.932739990,P
208.1122480017572,2025-06-23 10:11:18.932739990,P
208.0633607651619,2025-06-23 10:11:18.932739990,P
207.916699055376,2025-06-23 10:11:18.932739990,P
207.9655862919713,2025-06-23 10:11:18.932739990,P
208.0144735285666,2025-06-23 10:11:18.932739990,P
177.89993578586257,2025-06-23 10:11:18.933483398,P
177.94882302245787,2025-06-23 10:11:18.933483398,P
178.09548473224376,2025-06-23 10:11:18.933483398,P
54.80187403890024,2025-06-23 10:11:18.933483398,P
54.899648512090835,2025-06-23 10:11:18.933483398,P
208.1611352383525,2025-06-23 10:11:18.933483398,P
74.84564104297277,2025-06-23 10:11:18.933483398,P
74.79675380637747,2025-06-23 10:11:18.933483398,P
74.74786656978218,2025-06-23 10:11:18.933483398,P
74.65009209659158,2025-06-23 10:11:18.933483398,P
177.85104854926726,2025-06-23 10:11:18.934226562,P
177.75327407607668,2025-06-23 10:11:18.934226562,P
177.60661236629076,2025-06-23 10:11:18.934226562,P
54.557437855923745,2025-06-23 10:11:18.934226562,P
208.25890971154308,2025-06-23 10:11:18.934226562,P
54.45966338273315,2025-06-23 10:11:18.934226562,P
75.18785169913986,2025-06-23 10:11:18.934226562,P
75.13896446254456,2025-06-23 10:11:18.934226562,P
75.09007722594926,2025-06-23 10:11:18.934226562,P
75.04118998935397,2025-06-23 10:11:18.934226562,P
74.99230275275866,2025-06-23 10:11:18.934226562,P
74.94341551616337,2025-06-23 10:11:18.934226562,P
54.60632509251904,2025-06-23 10:11:18.934226562,P
208.3077969481384,2025-06-23 10:11:18.934226562,P
177.31328894671898,2025-06-23 10:11:18.934969971,P
177.41106341990957,2025-06-23 10:11:18.934969971,P
54.31300167294725,2025-06-23 10:11:18.934969971,P
54.26411443635195,2025-06-23 10:11:18.934969971,P
54.215227199756654,2025-06-23 10:11:18.934969971,P
54.11745272656606,2025-06-23 10:11:18.934969971,P
208.50334589451958,2025-06-23 10:11:18.934969971,P
208.45445865792428,2025-06-23 10:11:18.934969971,P
75.28562617233045,2025-06-23 10:11:18.934969971,P
75.33451340892576,2025-06-23 10:11:18.934969971,P
75.43228788211636,2025-06-23 10:11:18.934969971,P
75.53006235530695,2025-06-23 10:11:18.934969971,P
75.57894959190226,2025-06-23 10:11:18.934969971,P
75.62783682849755,2025-06-23 10:11:18.934969971,P
75.72561130168815,2025-06-23 10:11:18.934969971,P
208.405571421329,2025-06-23 10:11:18.934969971,P
75.77449853828345,2025-06-23 10:11:18.934969971,P
208.5522331311149,2025-06-23 10:11:18.934969971,P
76.06782195785524,2025-06-23 10:11:18.935713379,P
53.97079101678016,2025-06-23 10:11:18.935713379,P
54.01967825337546,2025-06-23 10:11:18.935713379,P
54.06856548997076,2025-06-23 10:11:18.935713379,P
76.16559643104584,2025-06-23 10:11:18.935713379,P
208.69889484090078,2025-06-23 10:11:18.935713379,P
208.6011203677102,2025-06-23 10:11:18.935713379,P
75.82338577487874,2025-06-23 10:11:18.935713379,P
75.92116024806934,2025-06-23 10:11:18.935713379,P
76.01893472125994,2025-06-23 10:11:18.935713379,P
208.7966693140914,2025-06-23 10:11:18.936456787,P
76.31225814083173,2025-06-23 10:11:18.936456787,P
76.26337090423644,2025-06-23 10:11:18.936456787,P
53.77524207039896,2025-06-23 10:11:18.936456787,P
53.87301654358956,2025-06-23 10:11:18.936456787,P
208.94333102387728,2025-06-23 10:11:18.936456787,P
208.74778207749608,2025-06-23 10:11:18.936456787,P
53.82412930699426,2025-06-23 10:11:18.936456787,P
208.89444378728197,2025-06-23 10:11:18.936456787,P
177.1177400003378,2025-06-23 10:11:18.936456787,P
177.06885276374248,2025-06-23 10:11:18.936456787,P
176.9710782905519,2025-06-23 10:11:18.936456787,P
176.82441658076598,2025-06-23 10:11:18.936456787,P
175.7977846122647,2025-06-23 10:11:18.937200195,P
53.67746759720836,2025-06-23 10:11:18.937200195,P
176.0422207952412,2025-06-23 10:11:18.937200195,P
176.13999526843182,2025-06-23 10:11:18.937200195,P
176.2377697416224,2025-06-23 10:11:18.937200195,P
176.2866569782177,2025-06-23 10:11:18.937200195,P
176.38443145140832,2025-06-23 10:11:18.937200195,P
176.6777548709801,2025-06-23 10:11:18.937200195,P
176.5310931611942,2025-06-23 10:11:18.937200195,P
175.94444632205062,2025-06-23 10:11:18.937200195,P
176.7755293441707,2025-06-23 10:11:18.937200195,P
175.84667184886,2025-06-23 10:11:18.937200195,P
209.33442891663967,2025-06-23 10:11:18.937200195,P
209.28554168004436,2025-06-23 10:11:18.937200195,P
176.4822059245989,2025-06-23 10:11:18.937200195,P
209.23665444344905,2025-06-23 10:11:18.937200195,P
209.08999273366317,2025-06-23 10:11:18.937200195,P
76.70335603359413,2025-06-23 10:11:18.937200195,P
175.65112290247882,2025-06-23 10:11:18.937200195,P
175.6022356658835,2025-06-23 10:11:18.937200195,P
76.41003261402233,2025-06-23 10:11:18.937200195,P
76.50780708721292,2025-06-23 10:11:18.937200195,P
76.60558156040352,2025-06-23 10:11:18.937200195,P
209.72552680940206,2025-06-23 10:11:18.937943359,P
76.85001774338002,2025-06-23 10:11:18.937943359,P
53.628580360613064,2025-06-23 10:11:18.937943359,P
175.35779948290704,2025-06-23 10:11:18.937943359,P
209.57886509961617,2025-06-23 10:11:18.937943359,P
209.33442891663967,2025-06-23 10:11:18.937943359,P
175.50446119269293,2025-06-23 10:11:18.937943359,P
209.38331615323497,2025-06-23 10:11:18.937943359,P
209.43220338983028,2025-06-23 10:11:18.937943359,P
209.48109062642556,2025-06-23 10:11:18.937943359,P
175.45557395609762,2025-06-23 10:11:18.937943359,P
175.16225053652585,2025-06-23 10:11:18.938686768,P
175.26002500971643,2025-06-23 10:11:18.938686768,P
175.21113777312112,2025-06-23 10:11:18.938686768,P
209.92107575578325,2025-06-23 10:11:18.938686768,P
53.48191865082717,2025-06-23 10:11:18.938686768,P
76.99667945316592,2025-06-23 10:11:18.938686768,P
53.579693124017766,2025-06-23 10:11:18.938686768,P
77.19222839954712,2025-06-23 10:11:18.938686768,P
209.77441404599736,2025-06-23 10:11:18.938686768,P
210.16551193875975,2025-06-23 10:11:18.939430176,P
210.26328641195033,2025-06-23 10:11:18.939430176,P
210.31217364854564,2025-06-23 10:11:18.939430176,P
210.06773746556914,2025-06-23 10:11:18.939430176,P
77.4366645825236,2025-06-23 10:11:18.939430176,P
77.29000287273772,2025-06-23 10:11:18.939430176,P
53.286369704445974,2025-06-23 10:11:18.939430176,P
53.43303141423187,2025-06-23 10:11:18.939430176,P
53.38414417763657,2025-06-23 10:11:18.939430176,P
53.33525694104127,2025-06-23 10:11:18.939430176,P
175.11336329993054,2025-06-23 10:11:18.939430176,P
175.06447606333523,2025-06-23 10:11:18.939430176,P
53.18859523125538,2025-06-23 10:11:18.940173584,P
77.6322135289048,2025-06-23 10:11:18.940173584,P
77.58332629230951,2025-06-23 10:11:18.940173584,P
210.40994812173625,2025-06-23 10:11:18.940173584,P
174.96670159014465,2025-06-23 10:11:18.940173584,P
174.86892711695404,2025-06-23 10:11:18.940173584,P
210.55660983152214,2025-06-23 10:11:18.940173584,P
210.50772259492683,2025-06-23 10:11:18.940173584,P
53.13970799466008,2025-06-23 10:11:18.940173584,P
53.09082075806478,2025-06-23 10:11:18.940916992,P
77.7788752386907,2025-06-23 10:11:18.940916992,P
77.7299880020954,2025-06-23 10:11:18.940916992,P
174.13561856802457,2025-06-23 10:11:18.940916992,P
174.18450580461987,2025-06-23 10:11:18.940916992,P
174.23339304121515,2025-06-23 10:11:18.940916992,P
174.28228027781046,2025-06-23 10:11:18.940916992,P
174.38005475100107,2025-06-23 10:11:18.940916992,P
174.42894198759635,2025-06-23 10:11:18.940916992,P
174.57560369738226,2025-06-23 10:11:18.940916992,P
174.62449093397754,2025-06-23 10:11:18.940916992,P
174.03784409483396,2025-06-23 10:11:18.940916992,P
174.67337817057285,2025-06-23 10:11:18.940916992,P
174.72226540716815,2025-06-23 10:11:18.940916992,P
210.70327154130803,2025-06-23 10:11:18.940916992,P
210.75215877790333,2025-06-23 10:11:18.940916992,P
174.52671646078696,2025-06-23 10:11:18.940916992,P
77.827762475286,2025-06-23 10:11:18.941660400,P
77.7788752386907,2025-06-23 10:11:18.941660400,P
77.8766497118813,2025-06-23 10:11:18.941660400,P
210.94770772428453,2025-06-23 10:11:18.941660400,P
210.84993325109392,2025-06-23 10:11:18.941660400,P
173.74452067526218,2025-06-23 10:11:18.941660400,P
52.99304628487418,2025-06-23 10:11:18.941660400,P
173.84229514845276,2025-06-23 10:11:18.941660400,P
210.89882048768922,2025-06-23 10:11:18.941660400,P
77.9744241850719,2025-06-23 10:11:18.942403564,P
210.99659496087983,2025-06-23 10:11:18.942403564,P
210.94770772428453,2025-06-23 10:11:18.942403564,P
77.8766497118813,2025-06-23 10:11:18.942403564,P
52.84638457508829,2025-06-23 10:11:18.942403564,P
52.69972286530239,2025-06-23 10:11:18.943146973,P
78.0721986582625,2025-06-23 10:11:18.943146973,P
211.09436943407042,2025-06-23 10:11:18.943146973,P
211.14325667066572,2025-06-23 10:11:18.943146973,P
211.19214390726103,2025-06-23 10:11:18.943146973,P
78.0233114216672,2025-06-23 10:11:18.943146973,P
78.2188603680484,2025-06-23 10:11:18.943890381,P
78.1210858948578,2025-06-23 10:11:18.943890381,P
211.2410311438563,2025-06-23 10:11:18.943890381,P
52.60194839211179,2025-06-23 10:11:18.943890381,P
52.45528668232589,2025-06-23 10:11:18.944633789,P
211.5343545634281,2025-06-23 10:11:18.944633789,P
211.38769285364222,2025-06-23 10:11:18.944633789,P
211.4365800902375,2025-06-23 10:11:18.944633789,P
211.33880561704692,2025-06-23 10:11:18.944633789,P
78.316634841239,2025-06-23 10:11:18.944633789,P
78.36552207783429,2025-06-23 10:11:18.944633789,P
78.46329655102488,2025-06-23 10:11:18.944633789,P
78.51218378762019,2025-06-23 10:11:18.944633789,P
78.26774760464369,2025-06-23 10:11:18.944633789,P
79.24549233654967,2025-06-23 10:11:18.945377197,P
79.19660509995437,2025-06-23 10:11:18.945377197,P
79.14771786335906,2025-06-23 10:11:18.945377197,P
79.09883062676377,2025-06-23 10:11:18.945377197,P
79.00105615357317,2025-06-23 10:11:18.945377197,P
78.95216891697787,2025-06-23 10:11:18.945377197,P
78.80550720719198,2025-06-23 10:11:18.945377197,P
78.75661997059667,2025-06-23 10:11:18.945377197,P
78.70773273400138,2025-06-23 10:11:18.945377197,P
78.56107102421548,2025-06-23 10:11:18.945377197,P
211.58324180002342,2025-06-23 10:11:18.945377197,P
211.63212903661872,2025-06-23 10:11:18.945377197,P
211.7299035098093,2025-06-23 10:11:18.945377197,P
211.7787907464046,2025-06-23 10:11:18.945377197,P
211.82767798299992,2025-06-23 10:11:18.945377197,P
52.40639944573059,2025-06-23 10:11:18.945377197,P
78.65884549740608,2025-06-23 10:11:18.945377197,P
79.04994339016847,2025-06-23 10:11:18.945377197,P
52.2108504993494,2025-06-23 10:11:18.946120605,P
52.308624972539995,2025-06-23 10:11:18.946120605,P
79.24549233654967,2025-06-23 10:11:18.946120605,P
79.34326680974027,2025-06-23 10:11:18.946120605,P
79.39215404633556,2025-06-23 10:11:18.946120605,P
79.29437957314497,2025-06-23 10:11:18.946120605,P
212.3165503489529,2025-06-23 10:11:18.946120605,P
212.169888639167,2025-06-23 10:11:18.946120605,P
212.1210014025717,2025-06-23 10:11:18.946120605,P
212.0232269293811,2025-06-23 10:11:18.946120605,P
211.9254524561905,2025-06-23 10:11:18.946120605,P
211.8765652195952,2025-06-23 10:11:18.946120605,P
212.6098737685247,2025-06-23 10:11:18.946863770,P
212.5609865319294,2025-06-23 10:11:18.946863770,P
212.4143248221435,2025-06-23 10:11:18.946863770,P
52.1130760261588,2025-06-23 10:11:18.946863770,P
51.966414316372905,2025-06-23 10:11:18.946863770,P
79.68547746590735,2025-06-23 10:11:18.946863770,P
79.44104128293087,2025-06-23 10:11:18.946863770,P
79.48992851952616,2025-06-23 10:11:18.946863770,P
79.53881575612147,2025-06-23 10:11:18.946863770,P
79.58770299271676,2025-06-23 10:11:18.946863770,P
79.73436470250266,2025-06-23 10:11:18.946863770,P
79.83213917569326,2025-06-23 10:11:18.946863770,P
79.88102641228855,2025-06-23 10:11:18.946863770,P
212.65876100511997,2025-06-23 10:11:18.946863770,P
80.07657535866974,2025-06-23 10:11:18.946863770,P
80.12546259526505,2025-06-23 10:11:18.946863770,P
79.92991364888385,2025-06-23 10:11:18.946863770,P
80.17434983186034,2025-06-23 10:11:18.947607178,P
212.8054227149059,2025-06-23 10:11:18.947607178,P
51.72197813339641,2025-06-23 10:11:18.947607178,P
172.9623248897374,2025-06-23 10:11:18.947607178,P
173.0112121263327,2025-06-23 10:11:18.947607178,P
173.060099362928,2025-06-23 10:11:18.947607178,P
173.10898659952332,2025-06-23 10:11:18.947607178,P
173.15787383611863,2025-06-23 10:11:18.947607178,P
212.85430995150116,2025-06-23 10:11:18.947607178,P
80.27212430505094,2025-06-23 10:11:18.947607178,P
171.69125673825965,2025-06-23 10:11:18.948350586,P
171.59348226506904,2025-06-23 10:11:18.948350586,P
172.571226996975,2025-06-23 10:11:18.948350586,P
172.66900147016563,2025-06-23 10:11:18.948350586,P
172.62011423357032,2025-06-23 10:11:18.948350586,P
172.52233976037974,2025-06-23 10:11:18.948350586,P
172.47345252378443,2025-06-23 10:11:18.948350586,P
172.37567805059382,2025-06-23 10:11:18.948350586,P
172.27790357740324,2025-06-23 10:11:18.948350586,P
172.22901634080793,2025-06-23 10:11:18.948350586,P
172.18012910421263,2025-06-23 10:11:18.948350586,P
172.13124186761735,2025-06-23 10:11:18.948350586,P
172.08235463102204,2025-06-23 10:11:18.948350586,P
171.98458015783143,2025-06-23 10:11:18.948350586,P
171.93569292123615,2025-06-23 10:11:18.948350586,P
171.83791844804554,2025-06-23 10:11:18.948350586,P
172.7667759433562,2025-06-23 10:11:18.948350586,P
172.86455041654682,2025-06-23 10:11:18.948350586,P
51.08644405765752,2025-06-23 10:11:18.948350586,P
212.90319718809647,2025-06-23 10:11:18.948350586,P
51.28199300403872,2025-06-23 10:11:18.948350586,P
51.42865471382462,2025-06-23 10:11:18.948350586,P
80.32101154164624,2025-06-23 10:11:18.948350586,P
80.41878601483684,2025-06-23 10:11:18.948350586,P
80.51656048802744,2025-06-23 10:11:18.948350586,P
80.56544772462274,2025-06-23 10:11:18.948350586,P
213.00097166128708,2025-06-23 10:11:18.948350586,P
80.80988390759923,2025-06-23 10:11:18.949093994,P
80.76099667100394,2025-06-23 10:11:18.949093994,P
80.66322219781334,2025-06-23 10:11:18.949093994,P
171.25127160890196,2025-06-23 10:11:18.949093994,P
80.90765838078983,2025-06-23 10:11:18.949093994,P
80.95654561738513,2025-06-23 10:11:18.949093994,P
81.00543285398042,2025-06-23 10:11:18.949093994,P
81.05432009057573,2025-06-23 10:11:18.949093994,P
171.49570779187846,2025-06-23 10:11:18.949093994,P
171.44682055528315,2025-06-23 10:11:18.949093994,P
171.39793331868785,2025-06-23 10:11:18.949093994,P
80.85877114419453,2025-06-23 10:11:18.949093994,P
171.10460989911607,2025-06-23 10:11:18.949093994,P
171.00683542592546,2025-06-23 10:11:18.949093994,P
213.09874613447766,2025-06-23 10:11:18.949093994,P
170.81128647954426,2025-06-23 10:11:18.949837402,P
81.15209456376633,2025-06-23 10:11:18.949837402,P
168.22026293999343,2025-06-23 10:11:18.949837402,P
168.46469912296993,2025-06-23 10:11:18.949837402,P
168.66024806935113,2025-06-23 10:11:18.949837402,P
168.80690977913702,2025-06-23 10:11:18.949837402,P
169.10023319870882,2025-06-23 10:11:18.949837402,P
169.3446693816853,2025-06-23 10:11:18.949837402,P
169.54021832806652,2025-06-23 10:11:18.949837402,P
169.5891055646618,2025-06-23 10:11:18.949837402,P
169.7357672744477,2025-06-23 10:11:18.949837402,P
169.8824289842336,2025-06-23 10:11:18.949837402,P
170.1268651672101,2025-06-23 10:11:18.949837402,P
170.22463964040068,2025-06-23 10:11:18.949837402,P
170.37130135018657,2025-06-23 10:11:18.949837402,P
170.46907582337718,2025-06-23 10:11:18.949837402,P
170.56685029656776,2025-06-23 10:11:18.949837402,P
170.61573753316307,2025-06-23 10:11:18.949837402,P
170.71351200635368,2025-06-23 10:11:18.949837402,P
81.20098180036162,2025-06-23 10:11:18.949837402,P
81.29875627355221,2025-06-23 10:11:18.949837402,P
81.24986903695692,2025-06-23 10:11:18.949837402,P
213.34318231745416,2025-06-23 10:11:18.949837402,P
213.19652060766828,2025-06-23 10:11:18.949837402,P
213.88094192000244,2025-06-23 10:11:18.950580566,P
214.02760362978836,2025-06-23 10:11:18.950580566,P
213.97871639319305,2025-06-23 10:11:18.950580566,P
213.83205468340716,2025-06-23 10:11:18.950580566,P
213.73428021021655,2025-06-23 10:11:18.950580566,P
213.63650573702597,2025-06-23 10:11:18.950580566,P
213.58761850043066,2025-06-23 10:11:18.950580566,P
213.48984402724005,2025-06-23 10:11:18.950580566,P
213.44095679064475,2025-06-23 10:11:18.950580566,P
81.44541798333812,2025-06-23 10:11:18.950580566,P
167.78027781063574,2025-06-23 10:11:18.950580566,P
168.02471399361224,2025-06-23 10:11:18.950580566,P
167.48695439106396,2025-06-23 10:11:18.951323975,P
167.29140544468277,2025-06-23 10:11:18.951323975,P
167.19363097149215,2025-06-23 10:11:18.951323975,P
166.99808202511096,2025-06-23 10:11:18.951323975,P
166.80253307872977,2025-06-23 10:11:18.951323975,P
81.54319245652871,2025-06-23 10:11:18.951323975,P
81.49430521993341,2025-06-23 10:11:18.951323975,P
81.6898541663146,2025-06-23 10:11:18.952067383,P
164.55372019534602,2025-06-23 10:11:18.952067383,P
164.30928401236955,2025-06-23 10:11:18.952067383,P
164.16262230258363,2025-06-23 10:11:18.952067383,P
164.01596059279774,2025-06-23 10:11:18.952067383,P
163.86929888301185,2025-06-23 10:11:18.952067383,P
163.57597546344005,2025-06-23 10:11:18.952067383,P
214.22315257616955,2025-06-23 10:11:18.952067383,P
163.03821586089177,2025-06-23 10:11:18.952067383,P
162.74489244131996,2025-06-23 10:11:18.952067383,P
214.17426533957425,2025-06-23 10:11:18.952067383,P
81.73874140290991,2025-06-23 10:11:18.952067383,P
214.07649086638364,2025-06-23 10:11:18.952067383,P
166.36254794937207,2025-06-23 10:11:18.952067383,P
166.509209659158,2025-06-23 10:11:18.952067383,P
163.38042651705885,2025-06-23 10:11:18.952067383,P
214.12537810297894,2025-06-23 10:11:18.952067383,P
81.7876286395052,2025-06-23 10:11:18.952810791,P
81.88540311269581,2025-06-23 10:11:18.952810791,P
214.41870152255075,2025-06-23 10:11:18.952810791,P
214.36981428595544,2025-06-23 10:11:18.952810791,P
214.32092704936014,2025-06-23 10:11:18.952810791,P
81.8365158761005,2025-06-23 10:11:18.952810791,P
166.1181117663956,2025-06-23 10:11:18.952810791,P
165.531464927252,2025-06-23 10:11:18.952810791,P
165.8736755834191,2025-06-23 10:11:18.952810791,P
165.6781266370379,2025-06-23 10:11:18.952810791,P
161.6204859996281,2025-06-23 10:11:18.952810791,P
161.96269665579518,2025-06-23 10:11:18.952810791,P
165.4336904540614,2025-06-23 10:11:18.952810791,P
161.8649221826046,2025-06-23 10:11:18.952810791,P
161.71826047281868,2025-06-23 10:11:18.952810791,P
162.20713283877168,2025-06-23 10:11:18.952810791,P
161.4249370532469,2025-06-23 10:11:18.952810791,P
161.08272639707982,2025-06-23 10:11:18.952810791,P
160.83829021410332,2025-06-23 10:11:18.952810791,P
160.59385403112682,2025-06-23 10:11:18.952810791,P
165.28702874427552,2025-06-23 10:11:18.952810791,P
162.5004562583435,2025-06-23 10:11:18.952810791,P
165.04259256129902,2025-06-23 10:11:18.952810791,P
160.34941784815032,2025-06-23 10:11:18.952810791,P
160.25164337495974,2025-06-23 10:11:18.952810791,P
160.20275613836444,2025-06-23 10:11:18.952810791,P
160.00720719198324,2025-06-23 10:11:18.952810791,P
165.1403670344896,2025-06-23 10:11:18.952810791,P
164.7492691417272,2025-06-23 10:11:18.952810791,P
162.10935836558107,2025-06-23 10:11:18.952810791,P
214.46758875914603,2025-06-23 10:11:18.953554199,P
214.51647599574133,2025-06-23 10:11:18.953554199,P
214.56536323233664,2025-06-23 10:11:18.953554199,P
214.41870152255075,2025-06-23 10:11:18.953554199,P
81.9342903492911,2025-06-23 10:11:18.953554199,P
81.98317758588641,2025-06-23 10:11:18.953554199,P
159.90943271879263,2025-06-23 10:11:18.953554199,P
159.71388377241144,2025-06-23 10:11:18.953554199,P
82.080952059077,2025-06-23 10:11:18.954297607,P
159.51833482603024,2025-06-23 10:11:18.954297607,P
159.32278587964905,2025-06-23 10:11:18.954297607,P
214.66313770552722,2025-06-23 10:11:18.954297607,P
214.76091217871783,2025-06-23 10:11:18.954297607,P
214.80979941531314,2025-06-23 10:11:18.955040771,P
214.8586866519084,2025-06-23 10:11:18.955040771,P
82.2765010054582,2025-06-23 10:11:18.955040771,P
82.2276137688629,2025-06-23 10:11:18.955040771,P
82.1787265322676,2025-06-23 10:11:18.955040771,P
214.90757388850372,2025-06-23 10:11:18.955784180,P
215.00534836169433,2025-06-23 10:11:18.955784180,P
215.0542355982896,2025-06-23 10:11:18.955784180,P
215.1031228348849,2025-06-23 10:11:18.955784180,P
215.15201007148022,2025-06-23 10:11:18.955784180,P
82.52093718843469,2025-06-23 10:11:18.955784180,P
82.4720499518394,2025-06-23 10:11:18.955784180,P
82.32538824205349,2025-06-23 10:11:18.955784180,P
214.95646112509903,2025-06-23 10:11:18.955784180,P
82.76537337141119,2025-06-23 10:11:18.956527588,P
82.71648613481588,2025-06-23 10:11:18.956527588,P
82.96092231779238,2025-06-23 10:11:18.956527588,P
215.2497845446708,2025-06-23 10:11:18.956527588,P
83.05869679098298,2025-06-23 10:11:18.956527588,P
215.15201007148022,2025-06-23 10:11:18.956527588,P
215.20089730807553,2025-06-23 10:11:18.956527588,P
215.2986717812661,2025-06-23 10:11:18.956527588,P
215.3475590178614,2025-06-23 10:11:18.957270996,P
215.445333491052,2025-06-23 10:11:18.957270996,P
83.30313297395948,2025-06-23 10:11:18.957270996,P
83.20535850076888,2025-06-23 10:11:18.957270996,P
83.25424573736417,2025-06-23 10:11:18.957270996,P
83.10758402757828,2025-06-23 10:11:18.957270996,P
215.4942207276473,2025-06-23 10:11:18.958014404,P
215.5431079642426,2025-06-23 10:11:18.958014404,P
215.64088243743322,2025-06-23 10:11:18.958014404,P
83.35202021055477,2025-06-23 10:11:18.958014404,P
83.40090744715008,2025-06-23 10:11:18.958014404,P
83.44979468374537,2025-06-23 10:11:18.958014404,P
158.73613904050546,2025-06-23 10:11:18.958014404,P
158.4428156209337,2025-06-23 10:11:18.958014404,P
215.5919952008379,2025-06-23 10:11:18.958014404,P
158.2472666745525,2025-06-23 10:11:18.958757568,P
158.14949220136188,2025-06-23 10:11:18.958757568,P
158.002830491576,2025-06-23 10:11:18.958757568,P
157.8561687817901,2025-06-23 10:11:18.958757568,P
215.6897696740285,2025-06-23 10:11:18.958757568,P
83.49868192034067,2025-06-23 10:11:18.958757568,P
83.54756915693596,2025-06-23 10:11:18.958757568,P
83.59645639353127,2025-06-23 10:11:18.958757568,P
215.7386569106238,2025-06-23 10:11:18.958757568,P
157.22063470605121,2025-06-23 10:11:18.959500977,P
157.3672964158371,2025-06-23 10:11:18.959500977,P
157.5628453622183,2025-06-23 10:11:18.959500977,P
157.7095070720042,2025-06-23 10:11:18.959500977,P
215.7386569106238,2025-06-23 10:11:18.959500977,P
215.8364313838144,2025-06-23 10:11:18.959500977,P
157.02508575967002,2025-06-23 10:11:18.959500977,P
215.8853186204097,2025-06-23 10:11:18.959500977,P
83.84089257650776,2025-06-23 10:11:18.959500977,P
83.74311810331716,2025-06-23 10:11:18.959500977,P
83.64534363012656,2025-06-23 10:11:18.959500977,P
215.7875441472191,2025-06-23 10:11:18.959500977,P
157.1228602328606,2025-06-23 10:11:18.959500977,P
215.934205857005,2025-06-23 10:11:18.960244385,P
156.82953681328883,2025-06-23 10:11:18.960244385,P
216.0319803301956,2025-06-23 10:11:18.960244385,P
156.78064957669352,2025-06-23 10:11:18.960244385,P
156.6828751035029,2025-06-23 10:11:18.960244385,P
156.63398786690763,2025-06-23 10:11:18.960244385,P
84.08532875948426,2025-06-23 10:11:18.960244385,P
83.98755428629366,2025-06-23 10:11:18.960244385,P
83.93866704969835,2025-06-23 10:11:18.960244385,P
156.87842404988413,2025-06-23 10:11:18.960244385,P
216.0808675667909,2025-06-23 10:11:18.960244385,P
156.58510063031233,2025-06-23 10:11:18.960987793,P
156.43843892052644,2025-06-23 10:11:18.960987793,P
216.1297548033862,2025-06-23 10:11:18.960987793,P
216.1786420399815,2025-06-23 10:11:18.960987793,P
216.2275292765768,2025-06-23 10:11:18.960987793,P
216.3253037497674,2025-06-23 10:11:18.960987793,P
216.3741909863627,2025-06-23 10:11:18.960987793,P
84.23199046927014,2025-06-23 10:11:18.960987793,P
84.32976494246074,2025-06-23 10:11:18.960987793,P
84.37865217905605,2025-06-23 10:11:18.960987793,P
84.42753941565135,2025-06-23 10:11:18.960987793,P
84.47642665224664,2025-06-23 10:11:18.960987793,P
156.19400273754994,2025-06-23 10:11:18.961731201,P
84.57420112543724,2025-06-23 10:11:18.961731201,P
84.62308836203255,2025-06-23 10:11:18.961731201,P
216.52085269614858,2025-06-23 10:11:18.961731201,P
216.71640164252977,2025-06-23 10:11:18.961731201,P
216.66751440593447,2025-06-23 10:11:18.961731201,P
216.6186271693392,2025-06-23 10:11:18.961731201,P
216.5697399327439,2025-06-23 10:11:18.961731201,P
216.423078222958,2025-06-23 10:11:18.961731201,P
155.85179208138285,2025-06-23 10:11:18.962474609,P
155.90067931797813,2025-06-23 10:11:18.962474609,P
156.09622826435933,2025-06-23 10:11:18.962474609,P
216.8141761157204,2025-06-23 10:11:18.962474609,P
216.71640164252977,2025-06-23 10:11:18.962474609,P
84.72086283522314,2025-06-23 10:11:18.962474609,P
216.76528887912508,2025-06-23 10:11:18.962474609,P
155.60735589840635,2025-06-23 10:11:18.963217773,P
155.80290484478755,2025-06-23 10:11:18.963217773,P
155.75401760819224,2025-06-23 10:11:18.963217773,P
155.70513037159694,2025-06-23 10:11:18.963217773,P
155.55846866181105,2025-06-23 10:11:18.963217773,P
216.86306335231566,2025-06-23 10:11:18.963217773,P
84.81863730841374,2025-06-23 10:11:18.963217773,P
216.8141761157204,2025-06-23 10:11:18.963217773,P
85.06307349139023,2025-06-23 10:11:18.963217773,P
84.91641178160434,2025-06-23 10:11:18.963217773,P
85.11196072798553,2025-06-23 10:11:18.963961182,P
85.25862243777142,2025-06-23 10:11:18.963961182,P
85.35639691096202,2025-06-23 10:11:18.963961182,P
155.41180695202516,2025-06-23 10:11:18.963961182,P
85.45417138415262,2025-06-23 10:11:18.964704590,P
85.64972033053381,2025-06-23 10:11:18.964704590,P
155.11848353245335,2025-06-23 10:11:18.964704590,P
155.31403247883455,2025-06-23 10:11:18.964704590,P
85.55194585734321,2025-06-23 10:11:18.964704590,P
85.60083309393852,2025-06-23 10:11:18.964704590,P
85.74749480372442,2025-06-23 10:11:18.965447998,P
154.87404734947685,2025-06-23 10:11:18.965447998,P
154.72738563969097,2025-06-23 10:11:18.965447998,P
154.53183669330977,2025-06-23 10:11:18.965447998,P
85.79638204031971,2025-06-23 10:11:18.965447998,P
85.84526927691502,2025-06-23 10:11:18.965447998,P
86.13859269648681,2025-06-23 10:11:18.966191406,P
85.94304375010562,2025-06-23 10:11:18.966191406,P
86.04081822329621,2025-06-23 10:11:18.966191406,P
86.1874799330821,2025-06-23 10:11:18.966191406,P
86.23636716967741,2025-06-23 10:11:18.966191406,P
154.33628774692858,2025-06-23 10:11:18.966191406,P
154.238513273738,2025-06-23 10:11:18.966191406,P
85.89415651351031,2025-06-23 10:11:18.966191406,P
86.2852544062727,2025-06-23 10:11:18.966934570,P
86.334141642868,2025-06-23 10:11:18.966934570,P
86.4319161160586,2025-06-23 10:11:18.966934570,P
86.4808033526539,2025-06-23 10:11:18.966934570,P
153.7007536711897,2025-06-23 10:11:18.966934570,P
153.5540919614038,2025-06-23 10:11:18.966934570,P
154.0429643273568,2025-06-23 10:11:18.966934570,P
153.7985281443803,2025-06-23 10:11:18.966934570,P
153.9940770907615,2025-06-23 10:11:18.966934570,P
154.14073880054738,2025-06-23 10:11:18.966934570,P
153.21188130523672,2025-06-23 10:11:18.966934570,P
86.57857782584449,2025-06-23 10:11:18.967677979,P
152.9185578856649,2025-06-23 10:11:18.967677979,P
86.5296905892492,2025-06-23 10:11:18.967677979,P
86.6274650624398,2025-06-23 10:11:18.968421387,P
86.67635229903509,2025-06-23 10:11:18.968421387,P
152.38079828311663,2025-06-23 10:11:18.968421387,P
86.7252395356304,2025-06-23 10:11:18.968421387,P
86.77412677222569,2025-06-23 10:11:18.968421387,P
86.92078848201159,2025-06-23 10:11:18.969164795,P
151.89192591716363,2025-06-23 10:11:18.969164795,P
151.94081315375894,2025-06-23 10:11:18.969164795,P
152.13636210014013,2025-06-23 10:11:18.969164795,P
86.87190124541628,2025-06-23 10:11:18.969164795,P
86.96967571860688,2025-06-23 10:11:18.969908203,P
87.01856295520219,2025-06-23 10:11:18.969908203,P
87.06745019179749,2025-06-23 10:11:18.969908203,P
87.11633742839278,2025-06-23 10:11:18.969908203,P
151.30527907802005,2025-06-23 10:11:18.969908203,P
151.69637697078244,2025-06-23 10:11:18.969908203,P
151.50082802440124,2025-06-23 10:11:18.969908203,P
150.96306842185297,2025-06-23 10:11:18.969908203,P
87.21411190158338,2025-06-23 10:11:18.970651611,P
87.16522466498809,2025-06-23 10:11:18.970651611,P
87.31188637477398,2025-06-23 10:11:18.970651611,P
87.36077361136928,2025-06-23 10:11:18.970651611,P
87.40966084796457,2025-06-23 10:11:18.970651611,P
150.71863223887647,2025-06-23 10:11:18.970651611,P
87.26299913817869,2025-06-23 10:11:18.970651611,P
149.7897747435658,2025-06-23 10:11:18.971394775,P
149.3986768508034,2025-06-23 10:11:18.971394775,P
150.0342109265423,2025-06-23 10:11:18.971394775,P
150.4253088193047,2025-06-23 10:11:18.971394775,P
87.55632255775048,2025-06-23 10:11:18.971394775,P
87.45854808455988,2025-06-23 10:11:18.971394775,P
87.50743532115517,2025-06-23 10:11:18.971394775,P
87.60520979434577,2025-06-23 10:11:18.971394775,P
87.70298426753637,2025-06-23 10:11:18.972138184,P
87.80075874072696,2025-06-23 10:11:18.972138184,P
148.8609172482551,2025-06-23 10:11:18.972138184,P
149.1053534312316,2025-06-23 10:11:18.972138184,P
87.84964597732227,2025-06-23 10:11:18.972881592,P
148.46981935549272,2025-06-23 10:11:18.973625000,P
148.22538317251625,2025-06-23 10:11:18.973625000,P
88.09408216029875,2025-06-23 10:11:18.973625000,P
87.99630768710816,2025-06-23 10:11:18.973625000,P
87.94742045051287,2025-06-23 10:11:18.973625000,P
87.89853321391756,2025-06-23 10:11:18.973625000,P
88.04519492370346,2025-06-23 10:11:18.973625000,P
88.19185663348935,2025-06-23 10:11:18.974368408,P
88.33851834327525,2025-06-23 10:11:18.974368408,P
147.78539804315855,2025-06-23 10:11:18.974368408,P
147.93205975294444,2025-06-23 10:11:18.974368408,P
88.38740557987056,2025-06-23 10:11:18.975111816,P
88.43629281646585,2025-06-23 10:11:18.975111816,P
88.48518005306116,2025-06-23 10:11:18.975111816,P
147.63873633337263,2025-06-23 10:11:18.975111816,P
147.34541291380086,2025-06-23 10:11:18.975854980,P
88.63184176284705,2025-06-23 10:11:18.975854980,P
88.58295452625175,2025-06-23 10:11:18.975854980,P
88.72961623603764,2025-06-23 10:11:18.976598389,P
89.07182689220474,2025-06-23 10:11:18.976598389,P
89.02293965560943,2025-06-23 10:11:18.976598389,P
88.97405241901414,2025-06-23 10:11:18.976598389,P
88.82739070922824,2025-06-23 10:11:18.976598389,P
88.77850347263295,2025-06-23 10:11:18.976598389,P
147.14986396741966,2025-06-23 10:11:18.976598389,P
147.00320225763377,2025-06-23 10:11:18.976598389,P
88.87627794582355,2025-06-23 10:11:18.976598389,P
89.26737583858593,2025-06-23 10:11:18.977341797,P
89.46292478496713,2025-06-23 10:11:18.977341797,P
89.36515031177653,2025-06-23 10:11:18.977341797,P
89.31626307518123,2025-06-23 10:11:18.977341797,P
89.21848860199063,2025-06-23 10:11:18.977341797,P
89.16960136539534,2025-06-23 10:11:18.977341797,P
146.85654054784786,2025-06-23 10:11:18.977341797,P
146.75876607465727,2025-06-23 10:11:18.977341797,P
89.51181202156242,2025-06-23 10:11:18.977341797,P
89.65847373134832,2025-06-23 10:11:18.978085205,P
89.70736096794363,2025-06-23 10:11:18.978085205,P
89.75624820453892,2025-06-23 10:11:18.978085205,P
89.80513544113423,2025-06-23 10:11:18.978085205,P
89.95179715092011,2025-06-23 10:11:18.978085205,P
146.56321712827608,2025-06-23 10:11:18.978085205,P
146.51432989168077,2025-06-23 10:11:18.978085205,P
89.60958649475303,2025-06-23 10:11:18.978085205,P
146.31878094529958,2025-06-23 10:11:18.978828613,P
90.00068438751542,2025-06-23 10:11:18.978828613,P
90.04957162411071,2025-06-23 10:11:18.978828613,P
90.09845886070602,2025-06-23 10:11:18.978828613,P
90.14734609730131,2025-06-23 10:11:18.978828613,P
90.19623333389661,2025-06-23 10:11:18.978828613,P
90.29400780708721,2025-06-23 10:11:18.978828613,P
146.36766818189489,2025-06-23 10:11:18.978828613,P
146.4165554184902,2025-06-23 10:11:18.978828613,P
146.46544265508547,2025-06-23 10:11:18.978828613,P
90.2451205704919,2025-06-23 10:11:18.978828613,P
146.0254575257278,2025-06-23 10:11:18.979571777,P
90.3428950436825,2025-06-23 10:11:18.979571777,P
90.4406695168731,2025-06-23 10:11:18.979571777,P
90.4895567534684,2025-06-23 10:11:18.979571777,P
146.1721192355137,2025-06-23 10:11:18.979571777,P
146.26989370870427,2025-06-23 10:11:18.979571777,P
90.5384439900637,2025-06-23 10:11:18.980315186,P
145.7810213427513,2025-06-23 10:11:18.980315186,P
145.87879581594188,2025-06-23 10:11:18.980315186,P
90.6362184632543,2025-06-23 10:11:18.981058594,P
90.6851056998496,2025-06-23 10:11:18.981058594,P
90.73399293644489,2025-06-23 10:11:18.981058594,P
90.7828801730402,2025-06-23 10:11:18.981058594,P
91.17397806580259,2025-06-23 10:11:18.981802002,P
91.1250908292073,2025-06-23 10:11:18.981802002,P
91.0273163560167,2025-06-23 10:11:18.981802002,P
145.5365851597748,2025-06-23 10:11:18.981802002,P
90.97842911942139,2025-06-23 10:11:18.981802002,P
90.9295418828261,2025-06-23 10:11:18.981802002,P
90.8806546462308,2025-06-23 10:11:18.981802002,P
90.83176740963549,2025-06-23 10:11:18.981802002,P
145.3899234499889,2025-06-23 10:11:18.982545410,P
91.46730148537438,2025-06-23 10:11:18.982545410,P
91.32063977558849,2025-06-23 10:11:18.982545410,P
91.22286530239789,2025-06-23 10:11:18.982545410,P
91.71173766835088,2025-06-23 10:11:18.983288818,P
91.56507595856498,2025-06-23 10:11:18.983288818,P
91.66285043175557,2025-06-23 10:11:18.983288818,P
145.243261740203,2025-06-23 10:11:18.983288818,P
91.51618872196968,2025-06-23 10:11:18.983288818,P
91.61396319516028,2025-06-23 10:11:18.983288818,P
145.0477127938218,2025-06-23 10:11:18.984031981,P
91.76062490494617,2025-06-23 10:11:18.984031981,P
91.85839937813677,2025-06-23 10:11:18.984031981,P
91.90728661473207,2025-06-23 10:11:18.984031981,P
91.95617385132736,2025-06-23 10:11:18.984031981,P
144.99882555722652,2025-06-23 10:11:18.984031981,P
92.00506108792267,2025-06-23 10:11:18.984775391,P
92.05394832451796,2025-06-23 10:11:18.984775391,P
92.10283556111327,2025-06-23 10:11:18.984775391,P
92.20061003430386,2025-06-23 10:11:18.984775391,P
144.80327661084533,2025-06-23 10:11:18.984775391,P
144.94993832063122,2025-06-23 10:11:18.984775391,P
144.9010510840359,2025-06-23 10:11:18.984775391,P
144.8521638474406,2025-06-23 10:11:18.984775391,P
144.60772766446414,2025-06-23 10:11:18.984775391,P
144.50995319127352,2025-06-23 10:11:18.984775391,P
144.41217871808294,2025-06-23 10:11:18.984775391,P
144.36329148148764,2025-06-23 10:11:18.984775391,P
144.26551700829702,2025-06-23 10:11:18.984775391,P
144.11885529851114,2025-06-23 10:11:18.984775391,P
143.92330635212994,2025-06-23 10:11:18.984775391,P
143.72775740574875,2025-06-23 10:11:18.984775391,P
143.38554674958166,2025-06-23 10:11:18.984775391,P
143.18999780320047,2025-06-23 10:11:18.984775391,P
142.94556162022397,2025-06-23 10:11:18.984775391,P
92.15172279770856,2025-06-23 10:11:18.984775391,P
142.84778714703336,2025-06-23 10:11:18.984775391,P
142.70112543724747,2025-06-23 10:11:18.984775391,P
142.6033509640569,2025-06-23 10:11:18.985518799,P
92.20061003430386,2025-06-23 10:11:18.985518799,P
142.3589147810804,2025-06-23 10:11:18.985518799,P
92.34727174408977,2025-06-23 10:11:18.985518799,P
142.1633658346992,2025-06-23 10:11:18.985518799,P
142.26114030788978,2025-06-23 10:11:18.985518799,P
92.29838450749446,2025-06-23 10:11:18.985518799,P
142.45668925427097,2025-06-23 10:11:18.985518799,P
92.39615898068506,2025-06-23 10:11:18.985518799,P
141.82115517853208,2025-06-23 10:11:18.986262207,P
141.9189296517227,2025-06-23 10:11:18.986262207,P
142.01670412491328,2025-06-23 10:11:18.986262207,P
92.93391858323335,2025-06-23 10:11:18.986262207,P
92.54282069047096,2025-06-23 10:11:18.986262207,P
92.83614411004275,2025-06-23 10:11:18.986262207,P
92.73836963685216,2025-06-23 10:11:18.986262207,P
92.44504621728036,2025-06-23 10:11:18.986262207,P
92.68948240025685,2025-06-23 10:11:18.986262207,P
92.64059516366156,2025-06-23 10:11:18.986262207,P
92.59170792706625,2025-06-23 10:11:18.986262207,P
92.98280581982864,2025-06-23 10:11:18.986262207,P
92.78725687344745,2025-06-23 10:11:18.986262207,P
141.7722679419368,2025-06-23 10:11:18.987005615,P
141.6744934687462,2025-06-23 10:11:18.987005615,P
141.5767189955556,2025-06-23 10:11:18.987005615,P
141.3322828125791,2025-06-23 10:11:18.987748779,P
93.08058029301924,2025-06-23 10:11:18.987748779,P
93.12946752961454,2025-06-23 10:11:18.987748779,P
93.17835476620984,2025-06-23 10:11:18.987748779,P
93.22724200280514,2025-06-23 10:11:18.987748779,P
93.27612923940043,2025-06-23 10:11:18.987748779,P
93.32501647599574,2025-06-23 10:11:18.987748779,P
141.38117004917441,2025-06-23 10:11:18.987748779,P
93.03169305642395,2025-06-23 10:11:18.987748779,P
141.478944522365,2025-06-23 10:11:18.987748779,P
93.47167818578164,2025-06-23 10:11:18.988492188,P
93.37390371259103,2025-06-23 10:11:18.988492188,P
93.52056542237693,2025-06-23 10:11:18.988492188,P
140.74563597343553,2025-06-23 10:11:18.988492188,P
140.50119979045903,2025-06-23 10:11:18.988492188,P
140.40342531726841,2025-06-23 10:11:18.988492188,P
140.89229768322141,2025-06-23 10:11:18.988492188,P
140.94118491981672,2025-06-23 10:11:18.988492188,P
140.99007215641203,2025-06-23 10:11:18.988492188,P
141.0389593930073,2025-06-23 10:11:18.988492188,P
141.0878466296026,2025-06-23 10:11:18.988492188,P
141.18562110279322,2025-06-23 10:11:18.988492188,P
141.2345083393885,2025-06-23 10:11:18.988492188,P
140.69674873684022,2025-06-23 10:11:18.988492188,P
140.55008702705433,2025-06-23 10:11:18.988492188,P
140.8434104466261,2025-06-23 10:11:18.988492188,P
93.56945265897224,2025-06-23 10:11:18.989235596,P
93.81388884194872,2025-06-23 10:11:18.989235596,P
93.86277607854403,2025-06-23 10:11:18.989235596,P
93.91166331513932,2025-06-23 10:11:18.989235596,P
93.96055055173463,2025-06-23 10:11:18.989235596,P
94.00943778832992,2025-06-23 10:11:18.989235596,P
94.05832502492522,2025-06-23 10:11:18.989235596,P
94.15609949811582,2025-06-23 10:11:18.989235596,P
93.71611436875813,2025-06-23 10:11:18.989235596,P
93.61833989556753,2025-06-23 10:11:18.989235596,P
93.76500160535343,2025-06-23 10:11:18.989235596,P
94.5960846274735,2025-06-23 10:11:18.989979004,P
140.0123274245061,2025-06-23 10:11:18.989979004,P
94.4983101542829,2025-06-23 10:11:18.989979004,P
94.44942291768761,2025-06-23 10:11:18.989979004,P
94.40053568109231,2025-06-23 10:11:18.989979004,P
94.35164844449702,2025-06-23 10:11:18.989979004,P
94.25387397130642,2025-06-23 10:11:18.989979004,P
94.20498673471111,2025-06-23 10:11:18.989979004,P
94.54719739087821,2025-06-23 10:11:18.989979004,P
94.64497186406881,2025-06-23 10:11:18.990722412,P
94.6938591006641,2025-06-23 10:11:18.990722412,P
139.96344018791083,2025-06-23 10:11:18.990722412,P
94.5960846274735,2025-06-23 10:11:18.990722412,P
140.0123274245061,2025-06-23 10:11:18.990722412,P
95.0849569934265,2025-06-23 10:11:18.991465820,P
94.88940804704531,2025-06-23 10:11:18.991465820,P
94.7427463372594,2025-06-23 10:11:18.991465820,P
94.9382952836406,2025-06-23 10:11:18.991465820,P
94.9871825202359,2025-06-23 10:11:18.991465820,P
139.52345505855314,2025-06-23 10:11:18.991465820,P
139.91455295131553,2025-06-23 10:11:18.991465820,P
139.86566571472022,2025-06-23 10:11:18.991465820,P
139.76789124152964,2025-06-23 10:11:18.991465820,P
139.67011676833903,2025-06-23 10:11:18.991465820,P
139.62122953174372,2025-06-23 10:11:18.991465820,P
139.57234229514845,2025-06-23 10:11:18.991465820,P
139.47456782195783,2025-06-23 10:11:18.991465820,P
139.81677847812492,2025-06-23 10:11:18.991465820,P
95.23161870321239,2025-06-23 10:11:18.992208984,P
95.1338442300218,2025-06-23 10:11:18.992208984,P
95.1827314666171,2025-06-23 10:11:18.992208984,P
139.13235716579075,2025-06-23 10:11:18.992208984,P
139.18124440238603,2025-06-23 10:11:18.992208984,P
139.47456782195783,2025-06-23 10:11:18.992208984,P
139.42568058536253,2025-06-23 10:11:18.992208984,P
139.37679334876725,2025-06-23 10:11:18.992208984,P
139.32790611217195,2025-06-23 10:11:18.992208984,P
139.08346992919545,2025-06-23 10:11:18.992208984,P
139.27901887557664,2025-06-23 10:11:18.992208984,P
95.42716764959358,2025-06-23 10:11:18.992952393,P
95.3782804129983,2025-06-23 10:11:18.992952393,P
95.32939317640299,2025-06-23 10:11:18.992952393,P
138.64348479983775,2025-06-23 10:11:18.992952393,P
138.69237203643306,2025-06-23 10:11:18.992952393,P
138.98569545600483,2025-06-23 10:11:18.992952393,P
138.88792098281425,2025-06-23 10:11:18.992952393,P
137.47019112155058,2025-06-23 10:11:18.992952393,P
137.56796559474117,2025-06-23 10:11:18.992952393,P
137.76351454112236,2025-06-23 10:11:18.992952393,P
138.05683796069417,2025-06-23 10:11:18.992952393,P
138.25238690707536,2025-06-23 10:11:18.992952393,P
138.39904861686125,2025-06-23 10:11:18.992952393,P
95.47605488618889,2025-06-23 10:11:18.992952393,P
95.52494212278418,2025-06-23 10:11:18.992952393,P
95.2805059398077,2025-06-23 10:11:18.992952393,P
138.83903374621894,2025-06-23 10:11:18.992952393,P
137.2746421751694,2025-06-23 10:11:18.993695801,P
95.57382935937949,2025-06-23 10:11:18.993695801,P
95.86715277895128,2025-06-23 10:11:18.993695801,P
95.62271659597478,2025-06-23 10:11:18.993695801,P
95.76937830576068,2025-06-23 10:11:18.993695801,P
95.67160383257009,2025-06-23 10:11:18.993695801,P
95.72049106916538,2025-06-23 10:11:18.993695801,P
95.81826554235597,2025-06-23 10:11:18.993695801,P
95.86715277895128,2025-06-23 10:11:18.994439209,P
95.91604001554657,2025-06-23 10:11:18.994439209,P
95.96492725214188,2025-06-23 10:11:18.994439209,P
96.01381448873717,2025-06-23 10:11:18.994439209,P
96.01381448873717,2025-06-23 10:11:18.995182617,P
96.06270172533247,2025-06-23 10:11:18.995182617,P
96.11158896192778,2025-06-23 10:11:18.995182617,P
96.16047619852307,2025-06-23 10:11:18.995182617,P
137.1279804653835,2025-06-23 10:11:18.995182617,P
136.9324315190023,2025-06-23 10:11:18.995926025,P
96.55157409128546,2025-06-23 10:11:18.995926025,P
96.45379961809486,2025-06-23 10:11:18.995926025,P
96.25825067171367,2025-06-23 10:11:18.995926025,P
96.60046132788077,2025-06-23 10:11:18.995926025,P
96.40491238149957,2025-06-23 10:11:18.995926025,P
96.30713790830897,2025-06-23 10:11:18.995926025,P
136.6391080994305,2025-06-23 10:11:18.996669189,P
136.7368825726211,2025-06-23 10:11:18.996669189,P
136.1991229700728,2025-06-23 10:11:18.998156006,P
136.10134849688222,2025-06-23 10:11:18.998156006,P
136.394671916454,2025-06-23 10:11:18.998156006,P
135.90579955050103,2025-06-23 10:11:18.998156006,P
135.80802507731042,2025-06-23 10:11:18.998899414,P
135.56358889433392,2025-06-23 10:11:18.998899414,P
135.27026547476214,2025-06-23 10:11:18.999642822,P
135.41692718454803,2025-06-23 10:11:18.999642822,P
135.17249100157153,2025-06-23 10:11:19.000385986,P
135.02582929178564,2025-06-23 10:11:19.000385986,P
96.99155922064313,2025-06-23 10:11:19.000385986,P
97.04044645723842,2025-06-23 10:11:19.000385986,P
134.87916758199975,2025-06-23 10:11:19.001129395,P
134.78139310880914,2025-06-23 10:11:19.001129395,P
134.68361863561856,2025-06-23 10:11:19.001129395,P
97.08933369383372,2025-06-23 10:11:19.001129395,P
97.33376987681022,2025-06-23 10:11:19.001872803,P
134.53695692583264,2025-06-23 10:11:19.001872803,P
134.34140797945145,2025-06-23 10:11:19.001872803,P
97.23599540361961,2025-06-23 10:11:19.001872803,P
97.48043158659611,2025-06-23 10:11:19.002616211,P
134.19474626966556,2025-06-23 10:11:19.002616211,P
134.04808455987967,2025-06-23 10:11:19.003359619,P
133.80364837690317,2025-06-23 10:11:19.003359619,P
97.62709329638201,2025-06-23 10:11:19.003359619,P
97.52931882319142,2025-06-23 10:11:19.003359619,P
133.95031008668906,2025-06-23 10:11:19.003359619,P
133.70587390371256,2025-06-23 10:11:19.004103027,P
97.72486776957261,2025-06-23 10:11:19.004103027,P
97.6759805329773,2025-06-23 10:11:19.004103027,P
133.55921219392667,2025-06-23 10:11:19.004846191,P
97.9693039525491,2025-06-23 10:11:19.004846191,P
97.8715294793585,2025-06-23 10:11:19.004846191,P
97.82264224276321,2025-06-23 10:11:19.004846191,P
97.7737550061679,2025-06-23 10:11:19.004846191,P
133.41255048414078,2025-06-23 10:11:19.005589600,P
98.0670784257397,2025-06-23 10:11:19.005589600,P
133.31477601095017,2025-06-23 10:11:19.005589600,P
97.9693039525491,2025-06-23 10:11:19.005589600,P
98.16485289893029,2025-06-23 10:11:19.005589600,P
98.26262737212089,2025-06-23 10:11:19.006333008,P
98.89816144785978,2025-06-23 10:11:19.006333008,P
98.70261250147858,2025-06-23 10:11:19.006333008,P
98.65372526488329,2025-06-23 10:11:19.006333008,P
98.60483802828799,2025-06-23 10:11:19.006333008,P
98.50706355509739,2025-06-23 10:11:19.006333008,P
98.45817631850208,2025-06-23 10:11:19.006333008,P
98.40928908190679,2025-06-23 10:11:19.006333008,P
98.3115146087162,2025-06-23 10:11:19.006333008,P
98.75149973807389,2025-06-23 10:11:19.006333008,P
98.55595079169268,2025-06-23 10:11:19.006333008,P
132.6792419352113,2025-06-23 10:11:19.007076416,P
132.8747908815925,2025-06-23 10:11:19.007076416,P
133.0214525913784,2025-06-23 10:11:19.007076416,P
133.16811430116428,2025-06-23 10:11:19.007076416,P
98.94704868445508,2025-06-23 10:11:19.007076416,P
98.99593592105037,2025-06-23 10:11:19.007076416,P
99.04482315764568,2025-06-23 10:11:19.007076416,P
99.09371039424097,2025-06-23 10:11:19.007076416,P
99.14259763083628,2025-06-23 10:11:19.007076416,P
99.24037210402687,2025-06-23 10:11:19.007076416,P
99.28925934062217,2025-06-23 10:11:19.007076416,P
99.33814657721747,2025-06-23 10:11:19.007076416,P
99.38703381381276,2025-06-23 10:11:19.007076416,P
99.43592105040807,2025-06-23 10:11:19.007076416,P
99.63146999678926,2025-06-23 10:11:19.007819824,P
132.3370312790442,2025-06-23 10:11:19.007819824,P
132.5325802254254,2025-06-23 10:11:19.007819824,P
99.58258276019396,2025-06-23 10:11:19.007819824,P
132.141482332663,2025-06-23 10:11:19.008562988,P
132.04370785947242,2025-06-23 10:11:19.008562988,P
99.82701894317046,2025-06-23 10:11:19.008562988,P
99.87590617976575,2025-06-23 10:11:19.008562988,P
100.02256788955165,2025-06-23 10:11:19.008562988,P
131.40817378373353,2025-06-23 10:11:19.009306396,P
100.12034236274225,2025-06-23 10:11:19.009306396,P
100.31589130912346,2025-06-23 10:11:19.009306396,P
131.8970461496865,2025-06-23 10:11:19.009306396,P
100.41366578231406,2025-06-23 10:11:19.009306396,P
131.35928654713823,2025-06-23 10:11:19.009306396,P
100.46255301890935,2025-06-23 10:11:19.009306396,P
131.79927167649592,2025-06-23 10:11:19.009306396,P
131.65260996671003,2025-06-23 10:11:19.009306396,P
131.55483549351942,2025-06-23 10:11:19.009306396,P
100.56032749209996,2025-06-23 10:11:19.010049805,P
100.60921472869525,2025-06-23 10:11:19.010049805,P
131.06596312756642,2025-06-23 10:11:19.010049805,P
131.16373760075703,2025-06-23 10:11:19.010049805,P
131.21262483735234,2025-06-23 10:11:19.010049805,P
100.51144025550465,2025-06-23 10:11:19.010049805,P
130.96818865437584,2025-06-23 10:11:19.010793213,P
100.90253814826704,2025-06-23 10:11:19.010793213,P
100.75587643848115,2025-06-23 10:11:19.010793213,P
101.34252327762474,2025-06-23 10:11:19.011536621,P
101.24474880443414,2025-06-23 10:11:19.011536621,P
101.14697433124354,2025-06-23 10:11:19.011536621,P
101.09808709464824,2025-06-23 10:11:19.011536621,P
130.77263970799464,2025-06-23 10:11:19.011536621,P
130.67486523480403,2025-06-23 10:11:19.011536621,P
130.52820352501814,2025-06-23 10:11:19.012280029,P
101.53807222400593,2025-06-23 10:11:19.012280029,P
101.39141051422003,2025-06-23 10:11:19.012280029,P
130.47931628842284,2025-06-23 10:11:19.012280029,P
130.43042905182756,2025-06-23 10:11:19.012280029,P
101.63584669719653,2025-06-23 10:11:19.012280029,P
101.68473393379182,2025-06-23 10:11:19.013023193,P
101.73362117038712,2025-06-23 10:11:19.013023193,P
130.38154181523225,2025-06-23 10:11:19.013023193,P
101.83139564357772,2025-06-23 10:11:19.013023193,P
130.33265457863695,2025-06-23 10:11:19.013023193,P
130.18599286885106,2025-06-23 10:11:19.013766602,P
101.92917011676832,2025-06-23 10:11:19.013766602,P
102.12471906314951,2025-06-23 10:11:19.014510009,P
102.07583182655422,2025-06-23 10:11:19.014510009,P
102.17360629974482,2025-06-23 10:11:19.014510009,P
101.97805735336362,2025-06-23 10:11:19.014510009,P
129.89266944927925,2025-06-23 10:11:19.015253417,P
102.17360629974482,2025-06-23 10:11:19.015253417,P
102.22249353634011,2025-06-23 10:11:19.015253417,P
102.4180424827213,2025-06-23 10:11:19.015996826,P
102.27138077293542,2025-06-23 10:11:19.015996826,P
102.32026800953071,2025-06-23 10:11:19.015996826,P
102.36915524612601,2025-06-23 10:11:19.015996826,P
129.59934602970748,2025-06-23 10:11:19.016740234,P
102.46692971931661,2025-06-23 10:11:19.016740234,P
102.5158169559119,2025-06-23 10:11:19.016740234,P
102.56470419250721,2025-06-23 10:11:19.016740234,P
102.6135914291025,2025-06-23 10:11:19.016740234,P
103.10246379505548,2025-06-23 10:11:19.016740234,P
102.9558020852696,2025-06-23 10:11:19.017483398,P
103.00468932186489,2025-06-23 10:11:19.017483398,P
102.90691484867429,2025-06-23 10:11:19.017483398,P
129.45268431992156,2025-06-23 10:11:19.017483398,P
102.8091403754837,2025-06-23 10:11:19.017483398,P
102.7602531388884,2025-06-23 10:11:19.017483398,P
102.7113659022931,2025-06-23 10:11:19.017483398,P
102.6624786656978,2025-06-23 10:11:19.017483398,P
102.858027612079,2025-06-23 10:11:19.017483398,P
103.20023826824608,2025-06-23 10:11:19.018226807,P
103.24912550484139,2025-06-23 10:11:19.018226807,P
103.2980127414367,2025-06-23 10:11:19.018226807,P
103.44467445122258,2025-06-23 10:11:19.018226807,P
103.39578721462729,2025-06-23 10:11:19.018226807,P
103.49356168781789,2025-06-23 10:11:19.018226807,P
103.34689997803198,2025-06-23 10:11:19.018226807,P
129.35490984673098,2025-06-23 10:11:19.018226807,P
129.25713537354036,2025-06-23 10:11:19.018226807,P
103.68911063419908,2025-06-23 10:11:19.018970215,P
103.54244892441318,2025-06-23 10:11:19.018970215,P
129.11047366375448,2025-06-23 10:11:19.019713623,P
129.0126991905639,2025-06-23 10:11:19.019713623,P
104.12909576355676,2025-06-23 10:11:19.019713623,P
104.22687023674736,2025-06-23 10:11:19.019713623,P
104.08020852696147,2025-06-23 10:11:19.019713623,P
103.93354681717557,2025-06-23 10:11:19.019713623,P
104.17798300015207,2025-06-23 10:11:19.019713623,P
103.98243405377087,2025-06-23 10:11:19.019713623,P
104.03132129036617,2025-06-23 10:11:19.019713623,P
103.88465958058028,2025-06-23 10:11:19.019713623,P
128.8171502441827,2025-06-23 10:11:19.020457031,P
105.15572773205804,2025-06-23 10:11:19.020457031,P
105.10684049546275,2025-06-23 10:11:19.020457031,P
104.37353194653326,2025-06-23 10:11:19.020457031,P
104.96017878567685,2025-06-23 10:11:19.020457031,P
104.86240431248625,2025-06-23 10:11:19.020457031,P
104.42241918312855,2025-06-23 10:11:19.020457031,P
104.52019365631915,2025-06-23 10:11:19.020457031,P
104.61796812950976,2025-06-23 10:11:19.020457031,P
104.66685536610505,2025-06-23 10:11:19.020457031,P
104.76462983929565,2025-06-23 10:11:19.020457031,P
105.05795325886744,2025-06-23 10:11:19.020457031,P
128.7193757709921,2025-06-23 10:11:19.021200195,P
105.59571286141573,2025-06-23 10:11:19.021200195,P
105.49793838822514,2025-06-23 10:11:19.021200195,P
105.44905115162983,2025-06-23 10:11:19.021200195,P
105.40016391503454,2025-06-23 10:11:19.021200195,P
105.25350220524864,2025-06-23 10:11:19.021200195,P
105.54682562482043,2025-06-23 10:11:19.021200195,P
105.35127667843923,2025-06-23 10:11:19.021200195,P
128.5727140612062,2025-06-23 10:11:19.021943604,P
105.69348733460633,2025-06-23 10:11:19.021943604,P
105.84014904439222,2025-06-23 10:11:19.021943604,P
105.88903628098753,2025-06-23 10:11:19.021943604,P
106.03569799077343,2025-06-23 10:11:19.021943604,P
106.13347246396403,2025-06-23 10:11:19.022687012,P
106.18235970055932,2025-06-23 10:11:19.022687012,P
106.32902141034522,2025-06-23 10:11:19.022687012,P
128.2305034050391,2025-06-23 10:11:19.022687012,P
106.47568312013111,2025-06-23 10:11:19.022687012,P
106.42679588353582,2025-06-23 10:11:19.022687012,P
106.52457035672641,2025-06-23 10:11:19.023430420,P
106.9156682494888,2025-06-23 10:11:19.023430420,P
106.7690065397029,2025-06-23 10:11:19.023430420,P
106.62234482991701,2025-06-23 10:11:19.023430420,P
128.0349544586579,2025-06-23 10:11:19.024173828,P
107.2578789056559,2025-06-23 10:11:19.024173828,P
107.16010443246529,2025-06-23 10:11:19.024173828,P
107.0134427226794,2025-06-23 10:11:19.024173828,P
107.3556533788465,2025-06-23 10:11:19.024173828,P
127.7905182756814,2025-06-23 10:11:19.024173828,P
126.91054801696603,2025-06-23 10:11:19.024917236,P
127.59496932930021,2025-06-23 10:11:19.024917236,P
127.20387143653782,2025-06-23 10:11:19.024917236,P
108.08896192777597,2025-06-23 10:11:19.024917236,P
107.89341298139477,2025-06-23 10:11:19.024917236,P
107.84452574479948,2025-06-23 10:11:19.024917236,P
127.64385656589552,2025-06-23 10:11:19.024917236,P
107.60008956182298,2025-06-23 10:11:19.024917236,P
107.50231508863239,2025-06-23 10:11:19.024917236,P
127.00832249015663,2025-06-23 10:11:19.024917236,P
127.44830761951432,2025-06-23 10:11:19.024917236,P
107.69786403501358,2025-06-23 10:11:19.024917236,P
126.61722459739424,2025-06-23 10:11:19.025660400,P
108.18673640096657,2025-06-23 10:11:19.025660400,P
108.48005982053836,2025-06-23 10:11:19.026403809,P
108.57783429372897,2025-06-23 10:11:19.026403809,P
108.67560876691957,2025-06-23 10:11:19.026403809,P
108.82227047670546,2025-06-23 10:11:19.026403809,P
108.87115771330076,2025-06-23 10:11:19.026403809,P
108.92004494989605,2025-06-23 10:11:19.026403809,P
126.42167565101305,2025-06-23 10:11:19.026403809,P
109.11559389627725,2025-06-23 10:11:19.027147217,P
109.01781942308665,2025-06-23 10:11:19.027147217,P
126.03057775825066,2025-06-23 10:11:19.027147217,P
109.40891731584904,2025-06-23 10:11:19.027890625,P
109.31114284265844,2025-06-23 10:11:19.027890625,P
125.78614157527416,2025-06-23 10:11:19.027890625,P
109.16448113287255,2025-06-23 10:11:19.027890625,P
109.36003007925375,2025-06-23 10:11:19.027890625,P
109.55557902563494,2025-06-23 10:11:19.028634033,P
109.65335349882554,2025-06-23 10:11:19.028634033,P
125.49281815570237,2025-06-23 10:11:19.028634033,P
109.94667691839733,2025-06-23 10:11:19.029377197,P
125.00394578974938,2025-06-23 10:11:19.029377197,P
125.10172026293998,2025-06-23 10:11:19.029377197,P
125.34615644591646,2025-06-23 10:11:19.029377197,P
124.85728407996348,2025-06-23 10:11:19.030120605,P
110.28888757456443,2025-06-23 10:11:19.030120605,P
110.8266471771127,2025-06-23 10:11:19.030120605,P
110.72887270392211,2025-06-23 10:11:19.030120605,P
110.53332375754091,2025-06-23 10:11:19.030120605,P
111.1199705966845,2025-06-23 10:11:19.030864014,P
111.0221961234939,2025-06-23 10:11:19.030864014,P
124.66173513358228,2025-06-23 10:11:19.030864014,P
124.56396066039169,2025-06-23 10:11:19.030864014,P
124.36841171401049,2025-06-23 10:11:19.030864014,P
124.12397553103399,2025-06-23 10:11:19.030864014,P
124.1728627676293,2025-06-23 10:11:19.030864014,P
124.2706372408199,2025-06-23 10:11:19.030864014,P
124.46618618720109,2025-06-23 10:11:19.030864014,P
123.9284265846528,2025-06-23 10:11:19.031607422,P
124.0262010578434,2025-06-23 10:11:19.031607422,P
111.3155195430657,2025-06-23 10:11:19.031607422,P
111.85327914561398,2025-06-23 10:11:19.032350830,P
123.8306521114622,2025-06-23 10:11:19.032350830,P
111.65773019923279,2025-06-23 10:11:19.032350830,P
123.7328776382716,2025-06-23 10:11:19.033094238,P
112.34215151156697,2025-06-23 10:11:19.033094238,P
112.19548980178108,2025-06-23 10:11:19.033094238,P
123.635103165081,2025-06-23 10:11:19.033837402,P
112.73324940432937,2025-06-23 10:11:19.033837402,P
112.68436216773406,2025-06-23 10:11:19.033837402,P
112.63547493113877,2025-06-23 10:11:19.033837402,P
112.58658769454347,2025-06-23 10:11:19.033837402,P
112.48881322135287,2025-06-23 10:11:19.033837402,P
123.53732869189041,2025-06-23 10:11:19.033837402,P
123.24400527231862,2025-06-23 10:11:19.034580811,P
123.14623079912802,2025-06-23 10:11:19.034580811,P
123.43955421869981,2025-06-23 10:11:19.034580811,P
112.83102387751997,2025-06-23 10:11:19.034580811,P
112.97768558730586,2025-06-23 10:11:19.034580811,P
113.07546006049645,2025-06-23 10:11:19.034580811,P
113.27100900687765,2025-06-23 10:11:19.034580811,P
113.41767071666355,2025-06-23 10:11:19.034580811,P
122.85290737955623,2025-06-23 10:11:19.035324219,P
121.48406475488785,2025-06-23 10:11:19.035324219,P
121.38629028169726,2025-06-23 10:11:19.035324219,P
121.28851580850666,2025-06-23 10:11:19.035324219,P
121.14185409872077,2025-06-23 10:11:19.035324219,P
120.99519238893487,2025-06-23 10:11:19.035324219,P
123.04845632593742,2025-06-23 10:11:19.035324219,P
121.77738817445965,2025-06-23 10:11:19.035324219,P
121.97293712084085,2025-06-23 10:11:19.035324219,P
122.07071159403145,2025-06-23 10:11:19.035324219,P
122.11959883062674,2025-06-23 10:11:19.035324219,P
122.16848606722205,2025-06-23 10:11:19.035324219,P
122.26626054041265,2025-06-23 10:11:19.035324219,P
122.31514777700794,2025-06-23 10:11:19.035324219,P
122.41292225019853,2025-06-23 10:11:19.035324219,P
122.46180948679384,2025-06-23 10:11:19.035324219,P
122.55958395998444,2025-06-23 10:11:19.035324219,P
122.70624566977033,2025-06-23 10:11:19.035324219,P
121.87516264765024,2025-06-23 10:11:19.035324219,P
121.58183922807845,2025-06-23 10:11:19.035324219,P
121.72850093786435,2025-06-23 10:11:19.035324219,P
121.63072646467376,2025-06-23 10:11:19.035324219,P
113.56433242644944,2025-06-23 10:11:19.036067627,P
113.61321966304475,2025-06-23 10:11:19.036067627,P
113.71099413623534,2025-06-23 10:11:19.036067627,P
113.80876860942594,2025-06-23 10:11:19.036067627,P
113.85765584602123,2025-06-23 10:11:19.036067627,P
113.90654308261654,2025-06-23 10:11:19.036067627,P
113.95543031921184,2025-06-23 10:11:19.036067627,P
114.00431755580713,2025-06-23 10:11:19.036067627,P
114.05320479240244,2025-06-23 10:11:19.036067627,P
115.37316018047551,2025-06-23 10:11:19.036811035,P
120.89741791574427,2025-06-23 10:11:19.036811035,P
120.70186896936308,2025-06-23 10:11:19.036811035,P
114.15097926559304,2025-06-23 10:11:19.036811035,P
114.19986650218833,2025-06-23 10:11:19.036811035,P
114.24875373878363,2025-06-23 10:11:19.036811035,P
114.39541544856952,2025-06-23 10:11:19.036811035,P
114.63985163154602,2025-06-23 10:11:19.036811035,P
114.78651334133191,2025-06-23 10:11:19.036811035,P
114.83540057792722,2025-06-23 10:11:19.036811035,P
114.93317505111781,2025-06-23 10:11:19.036811035,P
115.0798367609037,2025-06-23 10:11:19.036811035,P
115.1776112340943,2025-06-23 10:11:19.036811035,P
115.27538570728491,2025-06-23 10:11:19.036811035,P
115.4220474170708,2025-06-23 10:11:19.036811035,P
114.49318992176012,2025-06-23 10:11:19.036811035,P
116.74200280514387,2025-06-23 10:11:19.037554199,P
120.45743278638658,2025-06-23 10:11:19.037554199,P
117.52419859066865,2025-06-23 10:11:19.037554199,P
117.32864964428745,2025-06-23 10:11:19.037554199,P
117.08421346131097,2025-06-23 10:11:19.037554199,P
116.98643898812037,2025-06-23 10:11:19.037554199,P
116.79089004173917,2025-06-23 10:11:19.037554199,P
116.64422833195327,2025-06-23 10:11:19.037554199,P
116.49756662216737,2025-06-23 10:11:19.037554199,P
117.76863477364515,2025-06-23 10:11:19.037554199,P
116.35090491238148,2025-06-23 10:11:19.037554199,P
116.10646872940498,2025-06-23 10:11:19.037554199,P
116.00869425621438,2025-06-23 10:11:19.037554199,P
115.95980701961909,2025-06-23 10:11:19.037554199,P
115.8620325464285,2025-06-23 10:11:19.037554199,P
115.71537083664259,2025-06-23 10:11:19.037554199,P
115.617596363452,2025-06-23 10:11:19.037554199,P
115.5198218902614,2025-06-23 10:11:19.037554199,P
116.20424320259558,2025-06-23 10:11:19.037554199,P
117.86640924683574,2025-06-23 10:11:19.037554199,P
118.01307095662165,2025-06-23 10:11:19.037554199,P
118.11084542981224,2025-06-23 10:11:19.037554199,P
120.31077107660069,2025-06-23 10:11:19.037554199,P
120.16410936681478,2025-06-23 10:11:19.037554199,P
119.9196731838383,2025-06-23 10:11:19.037554199,P
119.8218987106477,2025-06-23 10:11:19.037554199,P
119.6752370008618,2025-06-23 10:11:19.037554199,P
119.5774625276712,2025-06-23 10:11:19.037554199,P
119.4796880544806,2025-06-23 10:11:19.037554199,P
119.33302634469472,2025-06-23 10:11:19.037554199,P
119.18636463490881,2025-06-23 10:11:19.037554199,P
118.89304121533702,2025-06-23 10:11:19.037554199,P
118.84415397874172,2025-06-23 10:11:19.037554199,P
118.79526674214642,2025-06-23 10:11:19.037554199,P
118.69749226895583,2025-06-23 10:11:19.037554199,P
118.55083055916992,2025-06-23 10:11:19.037554199,P
118.50194332257463,2025-06-23 10:11:19.037554199,P
118.30639437619344,2025-06-23 10:11:19.037554199,P
118.20861990300284,2025-06-23 10:11:19.037554199,P
120.65298173276778,2025-06-23 10:11:19.037554199,P
119.08859016171822,2025-06-23 10:11:19.037554199,P
